INSERT INTO ADMIN VALUES ('ADMIN0', 'comp322', 'admin0@gmail.com', '01012341234', 'admin0');
INSERT INTO ADMIN VALUES ('ADMIN1', 'comp322', 'admin1@gmail.com', '01012341234', 'admin1');
INSERT INTO ADMIN VALUES ('ADMIN2', 'comp322', 'admin2@gmail.com', '01012341234', 'admin2');
INSERT INTO ADMIN VALUES ('ADMIN3', 'comp322', 'admin3@gmail.com', '01012341234', 'admin3');
INSERT INTO ADMIN VALUES ('ADMIN4', 'comp322', 'admin4@gmail.com', '01012341234', 'admin4');
INSERT INTO ADMIN VALUES ('ADMIN5', 'comp322', 'admin5@gmail.com', '01012341234', 'admin5');
INSERT INTO ADMIN VALUES ('ADMIN6', 'comp322', 'admin6@gmail.com', '01012341234', 'admin6');
INSERT INTO ADMIN VALUES ('ADMIN7', 'comp322', 'admin7@gmail.com', '01012341234', 'admin7');
INSERT INTO ADMIN VALUES ('ADMIN8', 'comp322', 'admin8@gmail.com', '01012341234', 'admin8');
INSERT INTO ADMIN VALUES ('ADMIN9', 'comp322', 'admin9@gmail.com', '01012341234', 'admin9');
INSERT INTO ADMIN VALUES ('ADMIN10', 'comp322', 'admin10@gmail.com', '01012341234', 'admin10');
INSERT INTO ADMIN VALUES ('ADMIN11', 'comp322', 'admin11@gmail.com', '01012341234', 'admin11');
INSERT INTO ADMIN VALUES ('ADMIN12', 'comp322', 'admin12@gmail.com', '01012341234', 'admin12');
INSERT INTO ADMIN VALUES ('ADMIN13', 'comp322', 'admin13@gmail.com', '01012341234', 'admin13');
INSERT INTO ADMIN VALUES ('ADMIN14', 'comp322', 'admin14@gmail.com', '01012341234', 'admin14');
INSERT INTO ADMIN VALUES ('ADMIN15', 'comp322', 'admin15@gmail.com', '01012341234', 'admin15');
INSERT INTO ADMIN VALUES ('ADMIN16', 'comp322', 'admin16@gmail.com', '01012341234', 'admin16');
INSERT INTO ADMIN VALUES ('ADMIN17', 'comp322', 'admin17@gmail.com', '01012341234', 'admin17');
INSERT INTO ADMIN VALUES ('ADMIN18', 'comp322', 'admin18@gmail.com', '01012341234', 'admin18');
INSERT INTO ADMIN VALUES ('ADMIN19', 'comp322', 'admin19@gmail.com', '01012341234', 'admin19');
INSERT INTO ADMIN VALUES ('ADMIN20', 'comp322', 'admin20@gmail.com', '01012341234', 'admin20');
INSERT INTO ADMIN VALUES ('ADMIN21', 'comp322', 'admin21@gmail.com', '01012341234', 'admin21');
INSERT INTO ADMIN VALUES ('ADMIN22', 'comp322', 'admin22@gmail.com', '01012341234', 'admin22');
INSERT INTO ADMIN VALUES ('ADMIN23', 'comp322', 'admin23@gmail.com', '01012341234', 'admin23');
INSERT INTO ADMIN VALUES ('ADMIN24', 'comp322', 'admin24@gmail.com', '01012341234', 'admin24');
INSERT INTO ADMIN VALUES ('ADMIN25', 'comp322', 'admin25@gmail.com', '01012341234', 'admin25');
INSERT INTO ADMIN VALUES ('ADMIN26', 'comp322', 'admin26@gmail.com', '01012341234', 'admin26');
INSERT INTO ADMIN VALUES ('ADMIN27', 'comp322', 'admin27@gmail.com', '01012341234', 'admin27');
INSERT INTO ADMIN VALUES ('ADMIN28', 'comp322', 'admin28@gmail.com', '01012341234', 'admin28');
INSERT INTO ADMIN VALUES ('ADMIN29', 'comp322', 'admin29@gmail.com', '01012341234', 'admin29');
INSERT INTO ADMIN VALUES ('ADMIN30', 'comp322', 'admin30@gmail.com', '01012341234', 'admin30');
INSERT INTO ADMIN VALUES ('ADMIN31', 'comp322', 'admin31@gmail.com', '01012341234', 'admin31');
INSERT INTO ADMIN VALUES ('ADMIN32', 'comp322', 'admin32@gmail.com', '01012341234', 'admin32');
INSERT INTO ADMIN VALUES ('ADMIN33', 'comp322', 'admin33@gmail.com', '01012341234', 'admin33');
INSERT INTO ADMIN VALUES ('ADMIN34', 'comp322', 'admin34@gmail.com', '01012341234', 'admin34');
INSERT INTO ADMIN VALUES ('ADMIN35', 'comp322', 'admin35@gmail.com', '01012341234', 'admin35');
INSERT INTO ADMIN VALUES ('ADMIN36', 'comp322', 'admin36@gmail.com', '01012341234', 'admin36');
INSERT INTO ADMIN VALUES ('ADMIN37', 'comp322', 'admin37@gmail.com', '01012341234', 'admin37');
INSERT INTO ADMIN VALUES ('ADMIN38', 'comp322', 'admin38@gmail.com', '01012341234', 'admin38');
INSERT INTO ADMIN VALUES ('ADMIN39', 'comp322', 'admin39@gmail.com', '01012341234', 'admin39');
INSERT INTO ADMIN VALUES ('ADMIN40', 'comp322', 'admin40@gmail.com', '01012341234', 'admin40');
INSERT INTO ADMIN VALUES ('ADMIN41', 'comp322', 'admin41@gmail.com', '01012341234', 'admin41');
INSERT INTO ADMIN VALUES ('ADMIN42', 'comp322', 'admin42@gmail.com', '01012341234', 'admin42');
INSERT INTO ADMIN VALUES ('ADMIN43', 'comp322', 'admin43@gmail.com', '01012341234', 'admin43');
INSERT INTO ADMIN VALUES ('ADMIN44', 'comp322', 'admin44@gmail.com', '01012341234', 'admin44');
INSERT INTO ADMIN VALUES ('ADMIN45', 'comp322', 'admin45@gmail.com', '01012341234', 'admin45');
INSERT INTO ADMIN VALUES ('ADMIN46', 'comp322', 'admin46@gmail.com', '01012341234', 'admin46');
INSERT INTO ADMIN VALUES ('ADMIN47', 'comp322', 'admin47@gmail.com', '01012341234', 'admin47');
INSERT INTO ADMIN VALUES ('ADMIN48', 'comp322', 'admin48@gmail.com', '01012341234', 'admin48');
INSERT INTO ADMIN VALUES ('ADMIN49', 'comp322', 'admin49@gmail.com', '01012341234', 'admin49');
INSERT INTO ADMIN VALUES ('ADMIN50', 'comp322', 'admin50@gmail.com', '01012341234', 'admin50');
INSERT INTO ADMIN VALUES ('ADMIN51', 'comp322', 'admin51@gmail.com', '01012341234', 'admin51');
INSERT INTO ADMIN VALUES ('ADMIN52', 'comp322', 'admin52@gmail.com', '01012341234', 'admin52');
INSERT INTO ADMIN VALUES ('ADMIN53', 'comp322', 'admin53@gmail.com', '01012341234', 'admin53');
INSERT INTO ADMIN VALUES ('ADMIN54', 'comp322', 'admin54@gmail.com', '01012341234', 'admin54');
INSERT INTO ADMIN VALUES ('ADMIN55', 'comp322', 'admin55@gmail.com', '01012341234', 'admin55');
INSERT INTO ADMIN VALUES ('ADMIN56', 'comp322', 'admin56@gmail.com', '01012341234', 'admin56');
INSERT INTO ADMIN VALUES ('ADMIN57', 'comp322', 'admin57@gmail.com', '01012341234', 'admin57');
INSERT INTO ADMIN VALUES ('ADMIN58', 'comp322', 'admin58@gmail.com', '01012341234', 'admin58');
INSERT INTO ADMIN VALUES ('ADMIN59', 'comp322', 'admin59@gmail.com', '01012341234', 'admin59');
INSERT INTO ADMIN VALUES ('ADMIN60', 'comp322', 'admin60@gmail.com', '01012341234', 'admin60');
INSERT INTO ADMIN VALUES ('ADMIN61', 'comp322', 'admin61@gmail.com', '01012341234', 'admin61');
INSERT INTO ADMIN VALUES ('ADMIN62', 'comp322', 'admin62@gmail.com', '01012341234', 'admin62');
INSERT INTO ADMIN VALUES ('ADMIN63', 'comp322', 'admin63@gmail.com', '01012341234', 'admin63');
INSERT INTO ADMIN VALUES ('ADMIN64', 'comp322', 'admin64@gmail.com', '01012341234', 'admin64');
INSERT INTO ADMIN VALUES ('ADMIN65', 'comp322', 'admin65@gmail.com', '01012341234', 'admin65');
INSERT INTO ADMIN VALUES ('ADMIN66', 'comp322', 'admin66@gmail.com', '01012341234', 'admin66');
INSERT INTO ADMIN VALUES ('ADMIN67', 'comp322', 'admin67@gmail.com', '01012341234', 'admin67');
INSERT INTO ADMIN VALUES ('ADMIN68', 'comp322', 'admin68@gmail.com', '01012341234', 'admin68');
INSERT INTO ADMIN VALUES ('ADMIN69', 'comp322', 'admin69@gmail.com', '01012341234', 'admin69');
INSERT INTO ADMIN VALUES ('ADMIN70', 'comp322', 'admin70@gmail.com', '01012341234', 'admin70');
INSERT INTO ADMIN VALUES ('ADMIN71', 'comp322', 'admin71@gmail.com', '01012341234', 'admin71');
INSERT INTO ADMIN VALUES ('ADMIN72', 'comp322', 'admin72@gmail.com', '01012341234', 'admin72');
INSERT INTO ADMIN VALUES ('ADMIN73', 'comp322', 'admin73@gmail.com', '01012341234', 'admin73');
INSERT INTO ADMIN VALUES ('ADMIN74', 'comp322', 'admin74@gmail.com', '01012341234', 'admin74');
INSERT INTO ADMIN VALUES ('ADMIN75', 'comp322', 'admin75@gmail.com', '01012341234', 'admin75');
INSERT INTO ADMIN VALUES ('ADMIN76', 'comp322', 'admin76@gmail.com', '01012341234', 'admin76');
INSERT INTO ADMIN VALUES ('ADMIN77', 'comp322', 'admin77@gmail.com', '01012341234', 'admin77');
INSERT INTO ADMIN VALUES ('ADMIN78', 'comp322', 'admin78@gmail.com', '01012341234', 'admin78');
INSERT INTO ADMIN VALUES ('ADMIN79', 'comp322', 'admin79@gmail.com', '01012341234', 'admin79');
INSERT INTO ADMIN VALUES ('ADMIN80', 'comp322', 'admin80@gmail.com', '01012341234', 'admin80');
INSERT INTO ADMIN VALUES ('ADMIN81', 'comp322', 'admin81@gmail.com', '01012341234', 'admin81');
INSERT INTO ADMIN VALUES ('ADMIN82', 'comp322', 'admin82@gmail.com', '01012341234', 'admin82');
INSERT INTO ADMIN VALUES ('ADMIN83', 'comp322', 'admin83@gmail.com', '01012341234', 'admin83');
INSERT INTO ADMIN VALUES ('ADMIN84', 'comp322', 'admin84@gmail.com', '01012341234', 'admin84');
INSERT INTO ADMIN VALUES ('ADMIN85', 'comp322', 'admin85@gmail.com', '01012341234', 'admin85');
INSERT INTO ADMIN VALUES ('ADMIN86', 'comp322', 'admin86@gmail.com', '01012341234', 'admin86');
INSERT INTO ADMIN VALUES ('ADMIN87', 'comp322', 'admin87@gmail.com', '01012341234', 'admin87');
INSERT INTO ADMIN VALUES ('ADMIN88', 'comp322', 'admin88@gmail.com', '01012341234', 'admin88');
INSERT INTO ADMIN VALUES ('ADMIN89', 'comp322', 'admin89@gmail.com', '01012341234', 'admin89');
INSERT INTO ADMIN VALUES ('ADMIN90', 'comp322', 'admin90@gmail.com', '01012341234', 'admin90');
INSERT INTO ADMIN VALUES ('ADMIN91', 'comp322', 'admin91@gmail.com', '01012341234', 'admin91');
INSERT INTO ADMIN VALUES ('ADMIN92', 'comp322', 'admin92@gmail.com', '01012341234', 'admin92');
INSERT INTO ADMIN VALUES ('ADMIN93', 'comp322', 'admin93@gmail.com', '01012341234', 'admin93');
INSERT INTO ADMIN VALUES ('ADMIN94', 'comp322', 'admin94@gmail.com', '01012341234', 'admin94');
INSERT INTO ADMIN VALUES ('ADMIN95', 'comp322', 'admin95@gmail.com', '01012341234', 'admin95');
INSERT INTO ADMIN VALUES ('ADMIN96', 'comp322', 'admin96@gmail.com', '01012341234', 'admin96');
INSERT INTO ADMIN VALUES ('ADMIN97', 'comp322', 'admin97@gmail.com', '01012341234', 'admin97');
INSERT INTO ADMIN VALUES ('ADMIN98', 'comp322', 'admin98@gmail.com', '01012341234', 'admin98');
INSERT INTO ADMIN VALUES ('ADMIN99', 'comp322', 'admin99@gmail.com', '01012341234', 'admin99');

INSERT INTO TEACHER VALUES ('TEACHER0', '1000000000', 'comp322', 'teacher0@gmail.com', '01011112234', 'teacher0', 'Seoul', 'Business', 'M', 'korean');
INSERT INTO TEACHER VALUES ('TEACHER1', '1000000001', 'comp322', 'teacher1@gmail.com', '01011112235', 'teacher1', 'Busan', 'Mathematics', 'F', 'math');
INSERT INTO TEACHER VALUES ('TEACHER2', '1000000002', 'comp322', 'teacher2@gmail.com', '01011112236', 'teacher2', 'Daegu', 'Biology', 'M', 'science');
INSERT INTO TEACHER VALUES ('TEACHER3', '1000000003', 'comp322', 'teacher3@gmail.com', '01011112237', 'teacher3', 'Jeju', 'Computer Science', 'F', 'math');
INSERT INTO TEACHER VALUES ('TEACHER4', '1000000004', 'comp322', 'teacher4@gmail.com', '01011112238', 'teacher4', 'Seoul', 'Department of Law', 'M', 'korean');
INSERT INTO TEACHER VALUES ('TEACHER5', '1000000005', 'comp322', 'teacher5@gmail.com', '01011112239', 'teacher5', 'Seoul', 'Business', 'M', 'korean');
INSERT INTO TEACHER VALUES ('TEACHER6', '1000000006', 'comp322', 'teacher6@gmail.com', '01011112240', 'teacher6', 'Busan', 'Mathematics', 'F', 'math');
INSERT INTO TEACHER VALUES ('TEACHER7', '1000000007', 'comp322', 'teacher7@gmail.com', '01011112241', 'teacher7', 'Daegu', 'Biology', 'M', 'science');
INSERT INTO TEACHER VALUES ('TEACHER8', '1000000008', 'comp322', 'teacher8@gmail.com', '01011112242', 'teacher8', 'Jeju', 'Computer Science', 'F', 'math');
INSERT INTO TEACHER VALUES ('TEACHER9', '1000000009', 'comp322', 'teacher9@gmail.com', '01011112243', 'teacher9', 'Seoul', 'Department of Law', 'M', 'korean');
INSERT INTO TEACHER VALUES ('TEACHER10', '1000000010', 'comp322', 'teacher10@gmail.com', '01011112244', 'teacher10', 'Seoul', 'Business', 'M', 'korean');
INSERT INTO TEACHER VALUES ('TEACHER11', '1000000011', 'comp322', 'teacher11@gmail.com', '01011112245', 'teacher11', 'Busan', 'Mathematics', 'F', 'math');
INSERT INTO TEACHER VALUES ('TEACHER12', '1000000012', 'comp322', 'teacher12@gmail.com', '01011112246', 'teacher12', 'Daegu', 'Biology', 'M', 'science');
INSERT INTO TEACHER VALUES ('TEACHER13', '1000000013', 'comp322', 'teacher13@gmail.com', '01011112247', 'teacher13', 'Jeju', 'Computer Science', 'F', 'math');
INSERT INTO TEACHER VALUES ('TEACHER14', '1000000014', 'comp322', 'teacher14@gmail.com', '01011112248', 'teacher14', 'Seoul', 'Department of Law', 'M', 'korean');
INSERT INTO TEACHER VALUES ('TEACHER15', '1000000015', 'comp322', 'teacher15@gmail.com', '01011112249', 'teacher15', 'Seoul', 'Business', 'M', 'korean');
INSERT INTO TEACHER VALUES ('TEACHER16', '1000000016', 'comp322', 'teacher16@gmail.com', '01011112250', 'teacher16', 'Busan', 'Mathematics', 'F', 'math');
INSERT INTO TEACHER VALUES ('TEACHER17', '1000000017', 'comp322', 'teacher17@gmail.com', '01011112251', 'teacher17', 'Daegu', 'Biology', 'M', 'science');
INSERT INTO TEACHER VALUES ('TEACHER18', '1000000018', 'comp322', 'teacher18@gmail.com', '01011112252', 'teacher18', 'Jeju', 'Computer Science', 'F', 'math');
INSERT INTO TEACHER VALUES ('TEACHER19', '1000000019', 'comp322', 'teacher19@gmail.com', '01011112253', 'teacher19', 'Seoul', 'Department of Law', 'M', 'korean');
INSERT INTO TEACHER VALUES ('TEACHER20', '1000000020', 'comp322', 'teacher20@gmail.com', '01011112254', 'teacher20', 'Seoul', 'Business', 'M', 'korean');
INSERT INTO TEACHER VALUES ('TEACHER21', '1000000021', 'comp322', 'teacher21@gmail.com', '01011112255', 'teacher21', 'Busan', 'Mathematics', 'F', 'math');
INSERT INTO TEACHER VALUES ('TEACHER22', '1000000022', 'comp322', 'teacher22@gmail.com', '01011112256', 'teacher22', 'Daegu', 'Biology', 'M', 'science');
INSERT INTO TEACHER VALUES ('TEACHER23', '1000000023', 'comp322', 'teacher23@gmail.com', '01011112257', 'teacher23', 'Jeju', 'Computer Science', 'F', 'math');
INSERT INTO TEACHER VALUES ('TEACHER24', '1000000024', 'comp322', 'teacher24@gmail.com', '01011112258', 'teacher24', 'Seoul', 'Department of Law', 'M', 'korean');
INSERT INTO TEACHER VALUES ('TEACHER25', '1000000025', 'comp322', 'teacher25@gmail.com', '01011112259', 'teacher25', 'Seoul', 'Business', 'M', 'korean');
INSERT INTO TEACHER VALUES ('TEACHER26', '1000000026', 'comp322', 'teacher26@gmail.com', '01011112260', 'teacher26', 'Busan', 'Mathematics', 'F', 'math');
INSERT INTO TEACHER VALUES ('TEACHER27', '1000000027', 'comp322', 'teacher27@gmail.com', '01011112261', 'teacher27', 'Daegu', 'Biology', 'M', 'science');
INSERT INTO TEACHER VALUES ('TEACHER28', '1000000028', 'comp322', 'teacher28@gmail.com', '01011112262', 'teacher28', 'Jeju', 'Computer Science', 'F', 'math');
INSERT INTO TEACHER VALUES ('TEACHER29', '1000000029', 'comp322', 'teacher29@gmail.com', '01011112263', 'teacher29', 'Seoul', 'Department of Law', 'M', 'korean');
INSERT INTO TEACHER VALUES ('TEACHER30', '1000000030', 'comp322', 'teacher30@gmail.com', '01011112264', 'teacher30', 'Seoul', 'Business', 'M', 'korean');
INSERT INTO TEACHER VALUES ('TEACHER31', '1000000031', 'comp322', 'teacher31@gmail.com', '01011112265', 'teacher31', 'Busan', 'Mathematics', 'F', 'math');
INSERT INTO TEACHER VALUES ('TEACHER32', '1000000032', 'comp322', 'teacher32@gmail.com', '01011112266', 'teacher32', 'Daegu', 'Biology', 'M', 'science');
INSERT INTO TEACHER VALUES ('TEACHER33', '1000000033', 'comp322', 'teacher33@gmail.com', '01011112267', 'teacher33', 'Jeju', 'Computer Science', 'F', 'math');
INSERT INTO TEACHER VALUES ('TEACHER34', '1000000034', 'comp322', 'teacher34@gmail.com', '01011112268', 'teacher34', 'Seoul', 'Department of Law', 'M', 'korean');
INSERT INTO TEACHER VALUES ('TEACHER35', '1000000035', 'comp322', 'teacher35@gmail.com', '01011112269', 'teacher35', 'Seoul', 'Business', 'M', 'korean');
INSERT INTO TEACHER VALUES ('TEACHER36', '1000000036', 'comp322', 'teacher36@gmail.com', '01011112270', 'teacher36', 'Busan', 'Mathematics', 'F', 'math');
INSERT INTO TEACHER VALUES ('TEACHER37', '1000000037', 'comp322', 'teacher37@gmail.com', '01011112271', 'teacher37', 'Daegu', 'Biology', 'M', 'science');
INSERT INTO TEACHER VALUES ('TEACHER38', '1000000038', 'comp322', 'teacher38@gmail.com', '01011112272', 'teacher38', 'Jeju', 'Computer Science', 'F', 'math');
INSERT INTO TEACHER VALUES ('TEACHER39', '1000000039', 'comp322', 'teacher39@gmail.com', '01011112273', 'teacher39', 'Seoul', 'Department of Law', 'M', 'korean');
INSERT INTO TEACHER VALUES ('TEACHER40', '1000000040', 'comp322', 'teacher40@gmail.com', '01011112274', 'teacher40', 'Seoul', 'Business', 'M', 'korean');
INSERT INTO TEACHER VALUES ('TEACHER41', '1000000041', 'comp322', 'teacher41@gmail.com', '01011112275', 'teacher41', 'Busan', 'Mathematics', 'F', 'math');
INSERT INTO TEACHER VALUES ('TEACHER42', '1000000042', 'comp322', 'teacher42@gmail.com', '01011112276', 'teacher42', 'Daegu', 'Biology', 'M', 'science');
INSERT INTO TEACHER VALUES ('TEACHER43', '1000000043', 'comp322', 'teacher43@gmail.com', '01011112277', 'teacher43', 'Jeju', 'Computer Science', 'F', 'math');
INSERT INTO TEACHER VALUES ('TEACHER44', '1000000044', 'comp322', 'teacher44@gmail.com', '01011112278', 'teacher44', 'Seoul', 'Department of Law', 'M', 'korean');
INSERT INTO TEACHER VALUES ('TEACHER45', '1000000045', 'comp322', 'teacher45@gmail.com', '01011112279', 'teacher45', 'Seoul', 'Business', 'M', 'korean');
INSERT INTO TEACHER VALUES ('TEACHER46', '1000000046', 'comp322', 'teacher46@gmail.com', '01011112280', 'teacher46', 'Busan', 'Mathematics', 'F', 'math');
INSERT INTO TEACHER VALUES ('TEACHER47', '1000000047', 'comp322', 'teacher47@gmail.com', '01011112281', 'teacher47', 'Daegu', 'Biology', 'M', 'science');
INSERT INTO TEACHER VALUES ('TEACHER48', '1000000048', 'comp322', 'teacher48@gmail.com', '01011112282', 'teacher48', 'Jeju', 'Computer Science', 'F', 'math');
INSERT INTO TEACHER VALUES ('TEACHER49', '1000000049', 'comp322', 'teacher49@gmail.com', '01011112283', 'teacher49', 'Seoul', 'Department of Law', 'M', 'korean');
INSERT INTO TEACHER VALUES ('TEACHER50', '1000000050', 'comp322', 'teacher50@gmail.com', '01011112284', 'teacher50', 'Seoul', 'Business', 'M', 'korean');
INSERT INTO TEACHER VALUES ('TEACHER51', '1000000051', 'comp322', 'teacher51@gmail.com', '01011112285', 'teacher51', 'Busan', 'Mathematics', 'F', 'math');
INSERT INTO TEACHER VALUES ('TEACHER52', '1000000052', 'comp322', 'teacher52@gmail.com', '01011112286', 'teacher52', 'Daegu', 'Biology', 'M', 'science');
INSERT INTO TEACHER VALUES ('TEACHER53', '1000000053', 'comp322', 'teacher53@gmail.com', '01011112287', 'teacher53', 'Jeju', 'Computer Science', 'F', 'math');
INSERT INTO TEACHER VALUES ('TEACHER54', '1000000054', 'comp322', 'teacher54@gmail.com', '01011112288', 'teacher54', 'Seoul', 'Department of Law', 'M', 'korean');
INSERT INTO TEACHER VALUES ('TEACHER55', '1000000055', 'comp322', 'teacher55@gmail.com', '01011112289', 'teacher55', 'Seoul', 'Business', 'M', 'korean');
INSERT INTO TEACHER VALUES ('TEACHER56', '1000000056', 'comp322', 'teacher56@gmail.com', '01011112290', 'teacher56', 'Busan', 'Mathematics', 'F', 'math');
INSERT INTO TEACHER VALUES ('TEACHER57', '1000000057', 'comp322', 'teacher57@gmail.com', '01011112291', 'teacher57', 'Daegu', 'Biology', 'M', 'science');
INSERT INTO TEACHER VALUES ('TEACHER58', '1000000058', 'comp322', 'teacher58@gmail.com', '01011112292', 'teacher58', 'Jeju', 'Computer Science', 'F', 'math');
INSERT INTO TEACHER VALUES ('TEACHER59', '1000000059', 'comp322', 'teacher59@gmail.com', '01011112293', 'teacher59', 'Seoul', 'Department of Law', 'M', 'korean');
INSERT INTO TEACHER VALUES ('TEACHER60', '1000000060', 'comp322', 'teacher60@gmail.com', '01011112294', 'teacher60', 'Seoul', 'Business', 'M', 'korean');
INSERT INTO TEACHER VALUES ('TEACHER61', '1000000061', 'comp322', 'teacher61@gmail.com', '01011112295', 'teacher61', 'Busan', 'Mathematics', 'F', 'math');
INSERT INTO TEACHER VALUES ('TEACHER62', '1000000062', 'comp322', 'teacher62@gmail.com', '01011112296', 'teacher62', 'Daegu', 'Biology', 'M', 'science');
INSERT INTO TEACHER VALUES ('TEACHER63', '1000000063', 'comp322', 'teacher63@gmail.com', '01011112297', 'teacher63', 'Jeju', 'Computer Science', 'F', 'math');
INSERT INTO TEACHER VALUES ('TEACHER64', '1000000064', 'comp322', 'teacher64@gmail.com', '01011112298', 'teacher64', 'Seoul', 'Department of Law', 'M', 'korean');
INSERT INTO TEACHER VALUES ('TEACHER65', '1000000065', 'comp322', 'teacher65@gmail.com', '01011112299', 'teacher65', 'Seoul', 'Business', 'M', 'korean');
INSERT INTO TEACHER VALUES ('TEACHER66', '1000000066', 'comp322', 'teacher66@gmail.com', '01011112300', 'teacher66', 'Busan', 'Mathematics', 'F', 'math');
INSERT INTO TEACHER VALUES ('TEACHER67', '1000000067', 'comp322', 'teacher67@gmail.com', '01011112301', 'teacher67', 'Daegu', 'Biology', 'M', 'science');
INSERT INTO TEACHER VALUES ('TEACHER68', '1000000068', 'comp322', 'teacher68@gmail.com', '01011112302', 'teacher68', 'Jeju', 'Computer Science', 'F', 'math');
INSERT INTO TEACHER VALUES ('TEACHER69', '1000000069', 'comp322', 'teacher69@gmail.com', '01011112303', 'teacher69', 'Seoul', 'Department of Law', 'M', 'korean');
INSERT INTO TEACHER VALUES ('TEACHER70', '1000000070', 'comp322', 'teacher70@gmail.com', '01011112304', 'teacher70', 'Seoul', 'Business', 'M', 'korean');
INSERT INTO TEACHER VALUES ('TEACHER71', '1000000071', 'comp322', 'teacher71@gmail.com', '01011112305', 'teacher71', 'Busan', 'Mathematics', 'F', 'math');
INSERT INTO TEACHER VALUES ('TEACHER72', '1000000072', 'comp322', 'teacher72@gmail.com', '01011112306', 'teacher72', 'Daegu', 'Biology', 'M', 'science');
INSERT INTO TEACHER VALUES ('TEACHER73', '1000000073', 'comp322', 'teacher73@gmail.com', '01011112307', 'teacher73', 'Jeju', 'Computer Science', 'F', 'math');
INSERT INTO TEACHER VALUES ('TEACHER74', '1000000074', 'comp322', 'teacher74@gmail.com', '01011112308', 'teacher74', 'Seoul', 'Department of Law', 'M', 'korean');
INSERT INTO TEACHER VALUES ('TEACHER75', '1000000075', 'comp322', 'teacher75@gmail.com', '01011112309', 'teacher75', 'Seoul', 'Business', 'M', 'korean');
INSERT INTO TEACHER VALUES ('TEACHER76', '1000000076', 'comp322', 'teacher76@gmail.com', '01011112310', 'teacher76', 'Busan', 'Mathematics', 'F', 'math');
INSERT INTO TEACHER VALUES ('TEACHER77', '1000000077', 'comp322', 'teacher77@gmail.com', '01011112311', 'teacher77', 'Daegu', 'Biology', 'M', 'science');
INSERT INTO TEACHER VALUES ('TEACHER78', '1000000078', 'comp322', 'teacher78@gmail.com', '01011112312', 'teacher78', 'Jeju', 'Computer Science', 'F', 'math');
INSERT INTO TEACHER VALUES ('TEACHER79', '1000000079', 'comp322', 'teacher79@gmail.com', '01011112313', 'teacher79', 'Seoul', 'Department of Law', 'M', 'korean');
INSERT INTO TEACHER VALUES ('TEACHER80', '1000000080', 'comp322', 'teacher80@gmail.com', '01011112314', 'teacher80', 'Seoul', 'Business', 'M', 'korean');
INSERT INTO TEACHER VALUES ('TEACHER81', '1000000081', 'comp322', 'teacher81@gmail.com', '01011112315', 'teacher81', 'Busan', 'Mathematics', 'F', 'math');
INSERT INTO TEACHER VALUES ('TEACHER82', '1000000082', 'comp322', 'teacher82@gmail.com', '01011112316', 'teacher82', 'Daegu', 'Biology', 'M', 'science');
INSERT INTO TEACHER VALUES ('TEACHER83', '1000000083', 'comp322', 'teacher83@gmail.com', '01011112317', 'teacher83', 'Jeju', 'Computer Science', 'F', 'math');
INSERT INTO TEACHER VALUES ('TEACHER84', '1000000084', 'comp322', 'teacher84@gmail.com', '01011112318', 'teacher84', 'Seoul', 'Department of Law', 'M', 'korean');
INSERT INTO TEACHER VALUES ('TEACHER85', '1000000085', 'comp322', 'teacher85@gmail.com', '01011112319', 'teacher85', 'Seoul', 'Business', 'M', 'korean');
INSERT INTO TEACHER VALUES ('TEACHER86', '1000000086', 'comp322', 'teacher86@gmail.com', '01011112320', 'teacher86', 'Busan', 'Mathematics', 'F', 'math');
INSERT INTO TEACHER VALUES ('TEACHER87', '1000000087', 'comp322', 'teacher87@gmail.com', '01011112321', 'teacher87', 'Daegu', 'Biology', 'M', 'science');
INSERT INTO TEACHER VALUES ('TEACHER88', '1000000088', 'comp322', 'teacher88@gmail.com', '01011112322', 'teacher88', 'Jeju', 'Computer Science', 'F', 'math');
INSERT INTO TEACHER VALUES ('TEACHER89', '1000000089', 'comp322', 'teacher89@gmail.com', '01011112323', 'teacher89', 'Seoul', 'Department of Law', 'M', 'korean');
INSERT INTO TEACHER VALUES ('TEACHER90', '1000000090', 'comp322', 'teacher90@gmail.com', '01011112324', 'teacher90', 'Seoul', 'Business', 'M', 'korean');
INSERT INTO TEACHER VALUES ('TEACHER91', '1000000091', 'comp322', 'teacher91@gmail.com', '01011112325', 'teacher91', 'Busan', 'Mathematics', 'F', 'math');
INSERT INTO TEACHER VALUES ('TEACHER92', '1000000092', 'comp322', 'teacher92@gmail.com', '01011112326', 'teacher92', 'Daegu', 'Biology', 'M', 'science');
INSERT INTO TEACHER VALUES ('TEACHER93', '1000000093', 'comp322', 'teacher93@gmail.com', '01011112327', 'teacher93', 'Jeju', 'Computer Science', 'F', 'math');
INSERT INTO TEACHER VALUES ('TEACHER94', '1000000094', 'comp322', 'teacher94@gmail.com', '01011112328', 'teacher94', 'Seoul', 'Department of Law', 'M', 'korean');
INSERT INTO TEACHER VALUES ('TEACHER95', '1000000095', 'comp322', 'teacher95@gmail.com', '01011112329', 'teacher95', 'Seoul', 'Business', 'M', 'korean');
INSERT INTO TEACHER VALUES ('TEACHER96', '1000000096', 'comp322', 'teacher96@gmail.com', '01011112330', 'teacher96', 'Busan', 'Mathematics', 'F', 'math');
INSERT INTO TEACHER VALUES ('TEACHER97', '1000000097', 'comp322', 'teacher97@gmail.com', '01011112331', 'teacher97', 'Daegu', 'Biology', 'M', 'science');
INSERT INTO TEACHER VALUES ('TEACHER98', '1000000098', 'comp322', 'teacher98@gmail.com', '01011112332', 'teacher98', 'Jeju', 'Computer Science', 'F', 'math');
INSERT INTO TEACHER VALUES ('TEACHER99', '1000000099', 'comp322', 'teacher99@gmail.com', '01011112333', 'teacher99', 'Seoul', 'Department of Law', 'M', 'korean');

INSERT INTO STUDENT VALUES ('STUDENT0', '1100000000', 'comp322', 'student0@gmail.com', '01022222234', 'student0');
INSERT INTO STUDENT VALUES ('STUDENT1', '1100000001', 'comp322', 'student1@gmail.com', '01022222235', 'student1');
INSERT INTO STUDENT VALUES ('STUDENT2', '1100000002', 'comp322', 'student2@gmail.com', '01022222236', 'student2');
INSERT INTO STUDENT VALUES ('STUDENT3', '1100000003', 'comp322', 'student3@gmail.com', '01022222237', 'student3');
INSERT INTO STUDENT VALUES ('STUDENT4', '1100000004', 'comp322', 'student4@gmail.com', '01022222238', 'student4');
INSERT INTO STUDENT VALUES ('STUDENT5', '1100000005', 'comp322', 'student5@gmail.com', '01022222239', 'student5');
INSERT INTO STUDENT VALUES ('STUDENT6', '1100000006', 'comp322', 'student6@gmail.com', '01022222240', 'student6');
INSERT INTO STUDENT VALUES ('STUDENT7', '1100000007', 'comp322', 'student7@gmail.com', '01022222241', 'student7');
INSERT INTO STUDENT VALUES ('STUDENT8', '1100000008', 'comp322', 'student8@gmail.com', '01022222242', 'student8');
INSERT INTO STUDENT VALUES ('STUDENT9', '1100000009', 'comp322', 'student9@gmail.com', '01022222243', 'student9');
INSERT INTO STUDENT VALUES ('STUDENT10', '1100000010', 'comp322', 'student10@gmail.com', '01022222244', 'student10');
INSERT INTO STUDENT VALUES ('STUDENT11', '1100000011', 'comp322', 'student11@gmail.com', '01022222245', 'student11');
INSERT INTO STUDENT VALUES ('STUDENT12', '1100000012', 'comp322', 'student12@gmail.com', '01022222246', 'student12');
INSERT INTO STUDENT VALUES ('STUDENT13', '1100000013', 'comp322', 'student13@gmail.com', '01022222247', 'student13');
INSERT INTO STUDENT VALUES ('STUDENT14', '1100000014', 'comp322', 'student14@gmail.com', '01022222248', 'student14');
INSERT INTO STUDENT VALUES ('STUDENT15', '1100000015', 'comp322', 'student15@gmail.com', '01022222249', 'student15');
INSERT INTO STUDENT VALUES ('STUDENT16', '1100000016', 'comp322', 'student16@gmail.com', '01022222250', 'student16');
INSERT INTO STUDENT VALUES ('STUDENT17', '1100000017', 'comp322', 'student17@gmail.com', '01022222251', 'student17');
INSERT INTO STUDENT VALUES ('STUDENT18', '1100000018', 'comp322', 'student18@gmail.com', '01022222252', 'student18');
INSERT INTO STUDENT VALUES ('STUDENT19', '1100000019', 'comp322', 'student19@gmail.com', '01022222253', 'student19');
INSERT INTO STUDENT VALUES ('STUDENT20', '1100000020', 'comp322', 'student20@gmail.com', '01022222254', 'student20');
INSERT INTO STUDENT VALUES ('STUDENT21', '1100000021', 'comp322', 'student21@gmail.com', '01022222255', 'student21');
INSERT INTO STUDENT VALUES ('STUDENT22', '1100000022', 'comp322', 'student22@gmail.com', '01022222256', 'student22');
INSERT INTO STUDENT VALUES ('STUDENT23', '1100000023', 'comp322', 'student23@gmail.com', '01022222257', 'student23');
INSERT INTO STUDENT VALUES ('STUDENT24', '1100000024', 'comp322', 'student24@gmail.com', '01022222258', 'student24');
INSERT INTO STUDENT VALUES ('STUDENT25', '1100000025', 'comp322', 'student25@gmail.com', '01022222259', 'student25');
INSERT INTO STUDENT VALUES ('STUDENT26', '1100000026', 'comp322', 'student26@gmail.com', '01022222260', 'student26');
INSERT INTO STUDENT VALUES ('STUDENT27', '1100000027', 'comp322', 'student27@gmail.com', '01022222261', 'student27');
INSERT INTO STUDENT VALUES ('STUDENT28', '1100000028', 'comp322', 'student28@gmail.com', '01022222262', 'student28');
INSERT INTO STUDENT VALUES ('STUDENT29', '1100000029', 'comp322', 'student29@gmail.com', '01022222263', 'student29');
INSERT INTO STUDENT VALUES ('STUDENT30', '1100000030', 'comp322', 'student30@gmail.com', '01022222264', 'student30');
INSERT INTO STUDENT VALUES ('STUDENT31', '1100000031', 'comp322', 'student31@gmail.com', '01022222265', 'student31');
INSERT INTO STUDENT VALUES ('STUDENT32', '1100000032', 'comp322', 'student32@gmail.com', '01022222266', 'student32');
INSERT INTO STUDENT VALUES ('STUDENT33', '1100000033', 'comp322', 'student33@gmail.com', '01022222267', 'student33');
INSERT INTO STUDENT VALUES ('STUDENT34', '1100000034', 'comp322', 'student34@gmail.com', '01022222268', 'student34');
INSERT INTO STUDENT VALUES ('STUDENT35', '1100000035', 'comp322', 'student35@gmail.com', '01022222269', 'student35');
INSERT INTO STUDENT VALUES ('STUDENT36', '1100000036', 'comp322', 'student36@gmail.com', '01022222270', 'student36');
INSERT INTO STUDENT VALUES ('STUDENT37', '1100000037', 'comp322', 'student37@gmail.com', '01022222271', 'student37');
INSERT INTO STUDENT VALUES ('STUDENT38', '1100000038', 'comp322', 'student38@gmail.com', '01022222272', 'student38');
INSERT INTO STUDENT VALUES ('STUDENT39', '1100000039', 'comp322', 'student39@gmail.com', '01022222273', 'student39');
INSERT INTO STUDENT VALUES ('STUDENT40', '1100000040', 'comp322', 'student40@gmail.com', '01022222274', 'student40');
INSERT INTO STUDENT VALUES ('STUDENT41', '1100000041', 'comp322', 'student41@gmail.com', '01022222275', 'student41');
INSERT INTO STUDENT VALUES ('STUDENT42', '1100000042', 'comp322', 'student42@gmail.com', '01022222276', 'student42');
INSERT INTO STUDENT VALUES ('STUDENT43', '1100000043', 'comp322', 'student43@gmail.com', '01022222277', 'student43');
INSERT INTO STUDENT VALUES ('STUDENT44', '1100000044', 'comp322', 'student44@gmail.com', '01022222278', 'student44');
INSERT INTO STUDENT VALUES ('STUDENT45', '1100000045', 'comp322', 'student45@gmail.com', '01022222279', 'student45');
INSERT INTO STUDENT VALUES ('STUDENT46', '1100000046', 'comp322', 'student46@gmail.com', '01022222280', 'student46');
INSERT INTO STUDENT VALUES ('STUDENT47', '1100000047', 'comp322', 'student47@gmail.com', '01022222281', 'student47');
INSERT INTO STUDENT VALUES ('STUDENT48', '1100000048', 'comp322', 'student48@gmail.com', '01022222282', 'student48');
INSERT INTO STUDENT VALUES ('STUDENT49', '1100000049', 'comp322', 'student49@gmail.com', '01022222283', 'student49');
INSERT INTO STUDENT VALUES ('STUDENT50', '1100000050', 'comp322', 'student50@gmail.com', '01022222284', 'student50');
INSERT INTO STUDENT VALUES ('STUDENT51', '1100000051', 'comp322', 'student51@gmail.com', '01022222285', 'student51');
INSERT INTO STUDENT VALUES ('STUDENT52', '1100000052', 'comp322', 'student52@gmail.com', '01022222286', 'student52');
INSERT INTO STUDENT VALUES ('STUDENT53', '1100000053', 'comp322', 'student53@gmail.com', '01022222287', 'student53');
INSERT INTO STUDENT VALUES ('STUDENT54', '1100000054', 'comp322', 'student54@gmail.com', '01022222288', 'student54');
INSERT INTO STUDENT VALUES ('STUDENT55', '1100000055', 'comp322', 'student55@gmail.com', '01022222289', 'student55');
INSERT INTO STUDENT VALUES ('STUDENT56', '1100000056', 'comp322', 'student56@gmail.com', '01022222290', 'student56');
INSERT INTO STUDENT VALUES ('STUDENT57', '1100000057', 'comp322', 'student57@gmail.com', '01022222291', 'student57');
INSERT INTO STUDENT VALUES ('STUDENT58', '1100000058', 'comp322', 'student58@gmail.com', '01022222292', 'student58');
INSERT INTO STUDENT VALUES ('STUDENT59', '1100000059', 'comp322', 'student59@gmail.com', '01022222293', 'student59');
INSERT INTO STUDENT VALUES ('STUDENT60', '1100000060', 'comp322', 'student60@gmail.com', '01022222294', 'student60');
INSERT INTO STUDENT VALUES ('STUDENT61', '1100000061', 'comp322', 'student61@gmail.com', '01022222295', 'student61');
INSERT INTO STUDENT VALUES ('STUDENT62', '1100000062', 'comp322', 'student62@gmail.com', '01022222296', 'student62');
INSERT INTO STUDENT VALUES ('STUDENT63', '1100000063', 'comp322', 'student63@gmail.com', '01022222297', 'student63');
INSERT INTO STUDENT VALUES ('STUDENT64', '1100000064', 'comp322', 'student64@gmail.com', '01022222298', 'student64');
INSERT INTO STUDENT VALUES ('STUDENT65', '1100000065', 'comp322', 'student65@gmail.com', '01022222299', 'student65');
INSERT INTO STUDENT VALUES ('STUDENT66', '1100000066', 'comp322', 'student66@gmail.com', '01022222300', 'student66');
INSERT INTO STUDENT VALUES ('STUDENT67', '1100000067', 'comp322', 'student67@gmail.com', '01022222301', 'student67');
INSERT INTO STUDENT VALUES ('STUDENT68', '1100000068', 'comp322', 'student68@gmail.com', '01022222302', 'student68');
INSERT INTO STUDENT VALUES ('STUDENT69', '1100000069', 'comp322', 'student69@gmail.com', '01022222303', 'student69');
INSERT INTO STUDENT VALUES ('STUDENT70', '1100000070', 'comp322', 'student70@gmail.com', '01022222304', 'student70');
INSERT INTO STUDENT VALUES ('STUDENT71', '1100000071', 'comp322', 'student71@gmail.com', '01022222305', 'student71');
INSERT INTO STUDENT VALUES ('STUDENT72', '1100000072', 'comp322', 'student72@gmail.com', '01022222306', 'student72');
INSERT INTO STUDENT VALUES ('STUDENT73', '1100000073', 'comp322', 'student73@gmail.com', '01022222307', 'student73');
INSERT INTO STUDENT VALUES ('STUDENT74', '1100000074', 'comp322', 'student74@gmail.com', '01022222308', 'student74');
INSERT INTO STUDENT VALUES ('STUDENT75', '1100000075', 'comp322', 'student75@gmail.com', '01022222309', 'student75');
INSERT INTO STUDENT VALUES ('STUDENT76', '1100000076', 'comp322', 'student76@gmail.com', '01022222310', 'student76');
INSERT INTO STUDENT VALUES ('STUDENT77', '1100000077', 'comp322', 'student77@gmail.com', '01022222311', 'student77');
INSERT INTO STUDENT VALUES ('STUDENT78', '1100000078', 'comp322', 'student78@gmail.com', '01022222312', 'student78');
INSERT INTO STUDENT VALUES ('STUDENT79', '1100000079', 'comp322', 'student79@gmail.com', '01022222313', 'student79');
INSERT INTO STUDENT VALUES ('STUDENT80', '1100000080', 'comp322', 'student80@gmail.com', '01022222314', 'student80');
INSERT INTO STUDENT VALUES ('STUDENT81', '1100000081', 'comp322', 'student81@gmail.com', '01022222315', 'student81');
INSERT INTO STUDENT VALUES ('STUDENT82', '1100000082', 'comp322', 'student82@gmail.com', '01022222316', 'student82');
INSERT INTO STUDENT VALUES ('STUDENT83', '1100000083', 'comp322', 'student83@gmail.com', '01022222317', 'student83');
INSERT INTO STUDENT VALUES ('STUDENT84', '1100000084', 'comp322', 'student84@gmail.com', '01022222318', 'student84');
INSERT INTO STUDENT VALUES ('STUDENT85', '1100000085', 'comp322', 'student85@gmail.com', '01022222319', 'student85');
INSERT INTO STUDENT VALUES ('STUDENT86', '1100000086', 'comp322', 'student86@gmail.com', '01022222320', 'student86');
INSERT INTO STUDENT VALUES ('STUDENT87', '1100000087', 'comp322', 'student87@gmail.com', '01022222321', 'student87');
INSERT INTO STUDENT VALUES ('STUDENT88', '1100000088', 'comp322', 'student88@gmail.com', '01022222322', 'student88');
INSERT INTO STUDENT VALUES ('STUDENT89', '1100000089', 'comp322', 'student89@gmail.com', '01022222323', 'student89');
INSERT INTO STUDENT VALUES ('STUDENT90', '1100000090', 'comp322', 'student90@gmail.com', '01022222324', 'student90');
INSERT INTO STUDENT VALUES ('STUDENT91', '1100000091', 'comp322', 'student91@gmail.com', '01022222325', 'student91');
INSERT INTO STUDENT VALUES ('STUDENT92', '1100000092', 'comp322', 'student92@gmail.com', '01022222326', 'student92');
INSERT INTO STUDENT VALUES ('STUDENT93', '1100000093', 'comp322', 'student93@gmail.com', '01022222327', 'student93');
INSERT INTO STUDENT VALUES ('STUDENT94', '1100000094', 'comp322', 'student94@gmail.com', '01022222328', 'student94');
INSERT INTO STUDENT VALUES ('STUDENT95', '1100000095', 'comp322', 'student95@gmail.com', '01022222329', 'student95');
INSERT INTO STUDENT VALUES ('STUDENT96', '1100000096', 'comp322', 'student96@gmail.com', '01022222330', 'student96');
INSERT INTO STUDENT VALUES ('STUDENT97', '1100000097', 'comp322', 'student97@gmail.com', '01022222331', 'student97');
INSERT INTO STUDENT VALUES ('STUDENT98', '1100000098', 'comp322', 'student98@gmail.com', '01022222332', 'student98');
INSERT INTO STUDENT VALUES ('STUDENT99', '1100000099', 'comp322', 'student99@gmail.com', '01022222333', 'student99');

INSERT INTO POST VALUES (0, 'Post0', 'Test Text0', 'TEACHER0', 'korean', '1000000000');
INSERT INTO POST VALUES (1, 'Post1', 'Test Text1', 'TEACHER1', 'math', '1000000001');
INSERT INTO POST VALUES (2, 'Post2', 'Test Text2', 'TEACHER2', 'science', '1000000002');
INSERT INTO POST VALUES (3, 'Post3', 'Test Text3', 'TEACHER3', 'math', '1000000003');
INSERT INTO POST VALUES (4, 'Post4', 'Test Text4', 'TEACHER4', 'korean', '1000000004');
INSERT INTO POST VALUES (5, 'Post5', 'Test Text5', 'TEACHER5', 'korean', '1000000005');
INSERT INTO POST VALUES (6, 'Post6', 'Test Text6', 'TEACHER6', 'math', '1000000006');
INSERT INTO POST VALUES (7, 'Post7', 'Test Text7', 'TEACHER7', 'science', '1000000007');
INSERT INTO POST VALUES (8, 'Post8', 'Test Text8', 'TEACHER8', 'math', '1000000008');
INSERT INTO POST VALUES (9, 'Post9', 'Test Text9', 'TEACHER9', 'korean', '1000000009');
INSERT INTO POST VALUES (10, 'Post10', 'Test Text10', 'TEACHER10', 'korean', '1000000010');
INSERT INTO POST VALUES (11, 'Post11', 'Test Text11', 'TEACHER11', 'math', '1000000011');
INSERT INTO POST VALUES (12, 'Post12', 'Test Text12', 'TEACHER12', 'science', '1000000012');
INSERT INTO POST VALUES (13, 'Post13', 'Test Text13', 'TEACHER13', 'math', '1000000013');
INSERT INTO POST VALUES (14, 'Post14', 'Test Text14', 'TEACHER14', 'korean', '1000000014');
INSERT INTO POST VALUES (15, 'Post15', 'Test Text15', 'TEACHER15', 'korean', '1000000015');
INSERT INTO POST VALUES (16, 'Post16', 'Test Text16', 'TEACHER16', 'math', '1000000016');
INSERT INTO POST VALUES (17, 'Post17', 'Test Text17', 'TEACHER17', 'science', '1000000017');
INSERT INTO POST VALUES (18, 'Post18', 'Test Text18', 'TEACHER18', 'math', '1000000018');
INSERT INTO POST VALUES (19, 'Post19', 'Test Text19', 'TEACHER19', 'korean', '1000000019');
INSERT INTO POST VALUES (20, 'Post20', 'Test Text20', 'TEACHER20', 'korean', '1000000020');
INSERT INTO POST VALUES (21, 'Post21', 'Test Text21', 'TEACHER21', 'math', '1000000021');
INSERT INTO POST VALUES (22, 'Post22', 'Test Text22', 'TEACHER22', 'science', '1000000022');
INSERT INTO POST VALUES (23, 'Post23', 'Test Text23', 'TEACHER23', 'math', '1000000023');
INSERT INTO POST VALUES (24, 'Post24', 'Test Text24', 'TEACHER24', 'korean', '1000000024');
INSERT INTO POST VALUES (25, 'Post25', 'Test Text25', 'TEACHER25', 'korean', '1000000025');
INSERT INTO POST VALUES (26, 'Post26', 'Test Text26', 'TEACHER26', 'math', '1000000026');
INSERT INTO POST VALUES (27, 'Post27', 'Test Text27', 'TEACHER27', 'science', '1000000027');
INSERT INTO POST VALUES (28, 'Post28', 'Test Text28', 'TEACHER28', 'math', '1000000028');
INSERT INTO POST VALUES (29, 'Post29', 'Test Text29', 'TEACHER29', 'korean', '1000000029');
INSERT INTO POST VALUES (30, 'Post30', 'Test Text30', 'TEACHER30', 'korean', '1000000030');
INSERT INTO POST VALUES (31, 'Post31', 'Test Text31', 'TEACHER31', 'math', '1000000031');
INSERT INTO POST VALUES (32, 'Post32', 'Test Text32', 'TEACHER32', 'science', '1000000032');
INSERT INTO POST VALUES (33, 'Post33', 'Test Text33', 'TEACHER33', 'math', '1000000033');
INSERT INTO POST VALUES (34, 'Post34', 'Test Text34', 'TEACHER34', 'korean', '1000000034');
INSERT INTO POST VALUES (35, 'Post35', 'Test Text35', 'TEACHER35', 'korean', '1000000035');
INSERT INTO POST VALUES (36, 'Post36', 'Test Text36', 'TEACHER36', 'math', '1000000036');
INSERT INTO POST VALUES (37, 'Post37', 'Test Text37', 'TEACHER37', 'science', '1000000037');
INSERT INTO POST VALUES (38, 'Post38', 'Test Text38', 'TEACHER38', 'math', '1000000038');
INSERT INTO POST VALUES (39, 'Post39', 'Test Text39', 'TEACHER39', 'korean', '1000000039');
INSERT INTO POST VALUES (40, 'Post40', 'Test Text40', 'TEACHER40', 'korean', '1000000040');
INSERT INTO POST VALUES (41, 'Post41', 'Test Text41', 'TEACHER41', 'math', '1000000041');
INSERT INTO POST VALUES (42, 'Post42', 'Test Text42', 'TEACHER42', 'science', '1000000042');
INSERT INTO POST VALUES (43, 'Post43', 'Test Text43', 'TEACHER43', 'math', '1000000043');
INSERT INTO POST VALUES (44, 'Post44', 'Test Text44', 'TEACHER44', 'korean', '1000000044');
INSERT INTO POST VALUES (45, 'Post45', 'Test Text45', 'TEACHER45', 'korean', '1000000045');
INSERT INTO POST VALUES (46, 'Post46', 'Test Text46', 'TEACHER46', 'math', '1000000046');
INSERT INTO POST VALUES (47, 'Post47', 'Test Text47', 'TEACHER47', 'science', '1000000047');
INSERT INTO POST VALUES (48, 'Post48', 'Test Text48', 'TEACHER48', 'math', '1000000048');
INSERT INTO POST VALUES (49, 'Post49', 'Test Text49', 'TEACHER49', 'korean', '1000000049');
INSERT INTO POST VALUES (50, 'Post50', 'Test Text50', 'TEACHER50', 'korean', '1000000050');
INSERT INTO POST VALUES (51, 'Post51', 'Test Text51', 'TEACHER51', 'math', '1000000051');
INSERT INTO POST VALUES (52, 'Post52', 'Test Text52', 'TEACHER52', 'science', '1000000052');
INSERT INTO POST VALUES (53, 'Post53', 'Test Text53', 'TEACHER53', 'math', '1000000053');
INSERT INTO POST VALUES (54, 'Post54', 'Test Text54', 'TEACHER54', 'korean', '1000000054');
INSERT INTO POST VALUES (55, 'Post55', 'Test Text55', 'TEACHER55', 'korean', '1000000055');
INSERT INTO POST VALUES (56, 'Post56', 'Test Text56', 'TEACHER56', 'math', '1000000056');
INSERT INTO POST VALUES (57, 'Post57', 'Test Text57', 'TEACHER57', 'science', '1000000057');
INSERT INTO POST VALUES (58, 'Post58', 'Test Text58', 'TEACHER58', 'math', '1000000058');
INSERT INTO POST VALUES (59, 'Post59', 'Test Text59', 'TEACHER59', 'korean', '1000000059');
INSERT INTO POST VALUES (60, 'Post60', 'Test Text60', 'TEACHER60', 'korean', '1000000060');
INSERT INTO POST VALUES (61, 'Post61', 'Test Text61', 'TEACHER61', 'math', '1000000061');
INSERT INTO POST VALUES (62, 'Post62', 'Test Text62', 'TEACHER62', 'science', '1000000062');
INSERT INTO POST VALUES (63, 'Post63', 'Test Text63', 'TEACHER63', 'math', '1000000063');
INSERT INTO POST VALUES (64, 'Post64', 'Test Text64', 'TEACHER64', 'korean', '1000000064');
INSERT INTO POST VALUES (65, 'Post65', 'Test Text65', 'TEACHER65', 'korean', '1000000065');
INSERT INTO POST VALUES (66, 'Post66', 'Test Text66', 'TEACHER66', 'math', '1000000066');
INSERT INTO POST VALUES (67, 'Post67', 'Test Text67', 'TEACHER67', 'science', '1000000067');
INSERT INTO POST VALUES (68, 'Post68', 'Test Text68', 'TEACHER68', 'math', '1000000068');
INSERT INTO POST VALUES (69, 'Post69', 'Test Text69', 'TEACHER69', 'korean', '1000000069');
INSERT INTO POST VALUES (70, 'Post70', 'Test Text70', 'TEACHER70', 'korean', '1000000070');
INSERT INTO POST VALUES (71, 'Post71', 'Test Text71', 'TEACHER71', 'math', '1000000071');
INSERT INTO POST VALUES (72, 'Post72', 'Test Text72', 'TEACHER72', 'science', '1000000072');
INSERT INTO POST VALUES (73, 'Post73', 'Test Text73', 'TEACHER73', 'math', '1000000073');
INSERT INTO POST VALUES (74, 'Post74', 'Test Text74', 'TEACHER74', 'korean', '1000000074');
INSERT INTO POST VALUES (75, 'Post75', 'Test Text75', 'TEACHER75', 'korean', '1000000075');
INSERT INTO POST VALUES (76, 'Post76', 'Test Text76', 'TEACHER76', 'math', '1000000076');
INSERT INTO POST VALUES (77, 'Post77', 'Test Text77', 'TEACHER77', 'science', '1000000077');
INSERT INTO POST VALUES (78, 'Post78', 'Test Text78', 'TEACHER78', 'math', '1000000078');
INSERT INTO POST VALUES (79, 'Post79', 'Test Text79', 'TEACHER79', 'korean', '1000000079');
INSERT INTO POST VALUES (80, 'Post80', 'Test Text80', 'TEACHER80', 'korean', '1000000080');
INSERT INTO POST VALUES (81, 'Post81', 'Test Text81', 'TEACHER81', 'math', '1000000081');
INSERT INTO POST VALUES (82, 'Post82', 'Test Text82', 'TEACHER82', 'science', '1000000082');
INSERT INTO POST VALUES (83, 'Post83', 'Test Text83', 'TEACHER83', 'math', '1000000083');
INSERT INTO POST VALUES (84, 'Post84', 'Test Text84', 'TEACHER84', 'korean', '1000000084');
INSERT INTO POST VALUES (85, 'Post85', 'Test Text85', 'TEACHER85', 'korean', '1000000085');
INSERT INTO POST VALUES (86, 'Post86', 'Test Text86', 'TEACHER86', 'math', '1000000086');
INSERT INTO POST VALUES (87, 'Post87', 'Test Text87', 'TEACHER87', 'science', '1000000087');
INSERT INTO POST VALUES (88, 'Post88', 'Test Text88', 'TEACHER88', 'math', '1000000088');
INSERT INTO POST VALUES (89, 'Post89', 'Test Text89', 'TEACHER89', 'korean', '1000000089');
INSERT INTO POST VALUES (90, 'Post90', 'Test Text90', 'TEACHER90', 'korean', '1000000090');
INSERT INTO POST VALUES (91, 'Post91', 'Test Text91', 'TEACHER91', 'math', '1000000091');
INSERT INTO POST VALUES (92, 'Post92', 'Test Text92', 'TEACHER92', 'science', '1000000092');
INSERT INTO POST VALUES (93, 'Post93', 'Test Text93', 'TEACHER93', 'math', '1000000093');
INSERT INTO POST VALUES (94, 'Post94', 'Test Text94', 'TEACHER94', 'korean', '1000000094');
INSERT INTO POST VALUES (95, 'Post95', 'Test Text95', 'TEACHER95', 'korean', '1000000095');
INSERT INTO POST VALUES (96, 'Post96', 'Test Text96', 'TEACHER96', 'math', '1000000096');
INSERT INTO POST VALUES (97, 'Post97', 'Test Text97', 'TEACHER97', 'science', '1000000097');
INSERT INTO POST VALUES (98, 'Post98', 'Test Text98', 'TEACHER98', 'math', '1000000098');
INSERT INTO POST VALUES (99, 'Post99', 'Test Text99', 'TEACHER99', 'korean', '1000000099');

INSERT INTO MATCHING VALUES ('1200000000', '1000000000', 0);
INSERT INTO MATCHING VALUES ('1200000001', '1000000001', 1);
INSERT INTO MATCHING VALUES ('1200000002', '1000000002', 2);
INSERT INTO MATCHING VALUES ('1200000003', '1000000003', 3);
INSERT INTO MATCHING VALUES ('1200000004', '1000000004', 4);
INSERT INTO MATCHING VALUES ('1200000005', '1000000005', 5);
INSERT INTO MATCHING VALUES ('1200000006', '1000000006', 6);
INSERT INTO MATCHING VALUES ('1200000007', '1000000007', 7);
INSERT INTO MATCHING VALUES ('1200000008', '1000000008', 8);
INSERT INTO MATCHING VALUES ('1200000009', '1000000009', 9);
INSERT INTO MATCHING VALUES ('1200000010', '1000000010', 10);
INSERT INTO MATCHING VALUES ('1200000011', '1000000011', 11);
INSERT INTO MATCHING VALUES ('1200000012', '1000000012', 12);
INSERT INTO MATCHING VALUES ('1200000013', '1000000013', 13);
INSERT INTO MATCHING VALUES ('1200000014', '1000000014', 14);
INSERT INTO MATCHING VALUES ('1200000015', '1000000015', 15);
INSERT INTO MATCHING VALUES ('1200000016', '1000000016', 16);
INSERT INTO MATCHING VALUES ('1200000017', '1000000017', 17);
INSERT INTO MATCHING VALUES ('1200000018', '1000000018', 18);
INSERT INTO MATCHING VALUES ('1200000019', '1000000019', 19);
INSERT INTO MATCHING VALUES ('1200000020', '1000000020', 20);
INSERT INTO MATCHING VALUES ('1200000021', '1000000021', 21);
INSERT INTO MATCHING VALUES ('1200000022', '1000000022', 22);
INSERT INTO MATCHING VALUES ('1200000023', '1000000023', 23);
INSERT INTO MATCHING VALUES ('1200000024', '1000000024', 24);
INSERT INTO MATCHING VALUES ('1200000025', '1000000025', 25);
INSERT INTO MATCHING VALUES ('1200000026', '1000000026', 26);
INSERT INTO MATCHING VALUES ('1200000027', '1000000027', 27);
INSERT INTO MATCHING VALUES ('1200000028', '1000000028', 28);
INSERT INTO MATCHING VALUES ('1200000029', '1000000029', 29);
INSERT INTO MATCHING VALUES ('1200000030', '1000000030', 30);
INSERT INTO MATCHING VALUES ('1200000031', '1000000031', 31);
INSERT INTO MATCHING VALUES ('1200000032', '1000000032', 32);
INSERT INTO MATCHING VALUES ('1200000033', '1000000033', 33);
INSERT INTO MATCHING VALUES ('1200000034', '1000000034', 34);
INSERT INTO MATCHING VALUES ('1200000035', '1000000035', 35);
INSERT INTO MATCHING VALUES ('1200000036', '1000000036', 36);
INSERT INTO MATCHING VALUES ('1200000037', '1000000037', 37);
INSERT INTO MATCHING VALUES ('1200000038', '1000000038', 38);
INSERT INTO MATCHING VALUES ('1200000039', '1000000039', 39);
INSERT INTO MATCHING VALUES ('1200000040', '1000000040', 40);
INSERT INTO MATCHING VALUES ('1200000041', '1000000041', 41);
INSERT INTO MATCHING VALUES ('1200000042', '1000000042', 42);
INSERT INTO MATCHING VALUES ('1200000043', '1000000043', 43);
INSERT INTO MATCHING VALUES ('1200000044', '1000000044', 44);
INSERT INTO MATCHING VALUES ('1200000045', '1000000045', 45);
INSERT INTO MATCHING VALUES ('1200000046', '1000000046', 46);
INSERT INTO MATCHING VALUES ('1200000047', '1000000047', 47);
INSERT INTO MATCHING VALUES ('1200000048', '1000000048', 48);
INSERT INTO MATCHING VALUES ('1200000049', '1000000049', 49);
INSERT INTO MATCHING VALUES ('1200000050', '1000000050', 50);
INSERT INTO MATCHING VALUES ('1200000051', '1000000051', 51);
INSERT INTO MATCHING VALUES ('1200000052', '1000000052', 52);
INSERT INTO MATCHING VALUES ('1200000053', '1000000053', 53);
INSERT INTO MATCHING VALUES ('1200000054', '1000000054', 54);
INSERT INTO MATCHING VALUES ('1200000055', '1000000055', 55);
INSERT INTO MATCHING VALUES ('1200000056', '1000000056', 56);
INSERT INTO MATCHING VALUES ('1200000057', '1000000057', 57);
INSERT INTO MATCHING VALUES ('1200000058', '1000000058', 58);
INSERT INTO MATCHING VALUES ('1200000059', '1000000059', 59);
INSERT INTO MATCHING VALUES ('1200000060', '1000000060', 60);
INSERT INTO MATCHING VALUES ('1200000061', '1000000061', 61);
INSERT INTO MATCHING VALUES ('1200000062', '1000000062', 62);
INSERT INTO MATCHING VALUES ('1200000063', '1000000063', 63);
INSERT INTO MATCHING VALUES ('1200000064', '1000000064', 64);
INSERT INTO MATCHING VALUES ('1200000065', '1000000065', 65);
INSERT INTO MATCHING VALUES ('1200000066', '1000000066', 66);
INSERT INTO MATCHING VALUES ('1200000067', '1000000067', 67);
INSERT INTO MATCHING VALUES ('1200000068', '1000000068', 68);
INSERT INTO MATCHING VALUES ('1200000069', '1000000069', 69);
INSERT INTO MATCHING VALUES ('1200000070', '1000000070', 70);
INSERT INTO MATCHING VALUES ('1200000071', '1000000071', 71);
INSERT INTO MATCHING VALUES ('1200000072', '1000000072', 72);
INSERT INTO MATCHING VALUES ('1200000073', '1000000073', 73);
INSERT INTO MATCHING VALUES ('1200000074', '1000000074', 74);
INSERT INTO MATCHING VALUES ('1200000075', '1000000075', 75);
INSERT INTO MATCHING VALUES ('1200000076', '1000000076', 76);
INSERT INTO MATCHING VALUES ('1200000077', '1000000077', 77);
INSERT INTO MATCHING VALUES ('1200000078', '1000000078', 78);
INSERT INTO MATCHING VALUES ('1200000079', '1000000079', 79);
INSERT INTO MATCHING VALUES ('1200000080', '1000000080', 80);
INSERT INTO MATCHING VALUES ('1200000081', '1000000081', 81);
INSERT INTO MATCHING VALUES ('1200000082', '1000000082', 82);
INSERT INTO MATCHING VALUES ('1200000083', '1000000083', 83);
INSERT INTO MATCHING VALUES ('1200000084', '1000000084', 84);
INSERT INTO MATCHING VALUES ('1200000085', '1000000085', 85);
INSERT INTO MATCHING VALUES ('1200000086', '1000000086', 86);
INSERT INTO MATCHING VALUES ('1200000087', '1000000087', 87);
INSERT INTO MATCHING VALUES ('1200000088', '1000000088', 88);
INSERT INTO MATCHING VALUES ('1200000089', '1000000089', 89);
INSERT INTO MATCHING VALUES ('1200000090', '1000000090', 90);
INSERT INTO MATCHING VALUES ('1200000091', '1000000091', 91);
INSERT INTO MATCHING VALUES ('1200000092', '1000000092', 92);
INSERT INTO MATCHING VALUES ('1200000093', '1000000093', 93);
INSERT INTO MATCHING VALUES ('1200000094', '1000000094', 94);
INSERT INTO MATCHING VALUES ('1200000095', '1000000095', 95);
INSERT INTO MATCHING VALUES ('1200000096', '1000000096', 96);
INSERT INTO MATCHING VALUES ('1200000097', '1000000097', 97);
INSERT INTO MATCHING VALUES ('1200000098', '1000000098', 98);
INSERT INTO MATCHING VALUES ('1200000099', '1000000099', 99);

INSERT INTO COURSE VALUES ('1300000000', 'korean', 'course0', '1000000000', '1200000000');
INSERT INTO COURSE VALUES ('1300000001', 'math', 'course1', '1000000001', '1200000001');
INSERT INTO COURSE VALUES ('1300000002', 'science', 'course2', '1000000002', '1200000002');
INSERT INTO COURSE VALUES ('1300000003', 'math', 'course3', '1000000003', '1200000003');
INSERT INTO COURSE VALUES ('1300000004', 'korean', 'course4', '1000000004', '1200000004');
INSERT INTO COURSE VALUES ('1300000005', 'korean', 'course5', '1000000005', '1200000005');
INSERT INTO COURSE VALUES ('1300000006', 'math', 'course6', '1000000006', '1200000006');
INSERT INTO COURSE VALUES ('1300000007', 'science', 'course7', '1000000007', '1200000007');
INSERT INTO COURSE VALUES ('1300000008', 'math', 'course8', '1000000008', '1200000008');
INSERT INTO COURSE VALUES ('1300000009', 'korean', 'course9', '1000000009', '1200000009');
INSERT INTO COURSE VALUES ('1300000010', 'korean', 'course10', '1000000010', '1200000010');
INSERT INTO COURSE VALUES ('1300000011', 'math', 'course11', '1000000011', '1200000011');
INSERT INTO COURSE VALUES ('1300000012', 'science', 'course12', '1000000012', '1200000012');
INSERT INTO COURSE VALUES ('1300000013', 'math', 'course13', '1000000013', '1200000013');
INSERT INTO COURSE VALUES ('1300000014', 'korean', 'course14', '1000000014', '1200000014');
INSERT INTO COURSE VALUES ('1300000015', 'korean', 'course15', '1000000015', '1200000015');
INSERT INTO COURSE VALUES ('1300000016', 'math', 'course16', '1000000016', '1200000016');
INSERT INTO COURSE VALUES ('1300000017', 'science', 'course17', '1000000017', '1200000017');
INSERT INTO COURSE VALUES ('1300000018', 'math', 'course18', '1000000018', '1200000018');
INSERT INTO COURSE VALUES ('1300000019', 'korean', 'course19', '1000000019', '1200000019');
INSERT INTO COURSE VALUES ('1300000020', 'korean', 'course20', '1000000020', '1200000020');
INSERT INTO COURSE VALUES ('1300000021', 'math', 'course21', '1000000021', '1200000021');
INSERT INTO COURSE VALUES ('1300000022', 'science', 'course22', '1000000022', '1200000022');
INSERT INTO COURSE VALUES ('1300000023', 'math', 'course23', '1000000023', '1200000023');
INSERT INTO COURSE VALUES ('1300000024', 'korean', 'course24', '1000000024', '1200000024');
INSERT INTO COURSE VALUES ('1300000025', 'korean', 'course25', '1000000025', '1200000025');
INSERT INTO COURSE VALUES ('1300000026', 'math', 'course26', '1000000026', '1200000026');
INSERT INTO COURSE VALUES ('1300000027', 'science', 'course27', '1000000027', '1200000027');
INSERT INTO COURSE VALUES ('1300000028', 'math', 'course28', '1000000028', '1200000028');
INSERT INTO COURSE VALUES ('1300000029', 'korean', 'course29', '1000000029', '1200000029');
INSERT INTO COURSE VALUES ('1300000030', 'korean', 'course30', '1000000030', '1200000030');
INSERT INTO COURSE VALUES ('1300000031', 'math', 'course31', '1000000031', '1200000031');
INSERT INTO COURSE VALUES ('1300000032', 'science', 'course32', '1000000032', '1200000032');
INSERT INTO COURSE VALUES ('1300000033', 'math', 'course33', '1000000033', '1200000033');
INSERT INTO COURSE VALUES ('1300000034', 'korean', 'course34', '1000000034', '1200000034');
INSERT INTO COURSE VALUES ('1300000035', 'korean', 'course35', '1000000035', '1200000035');
INSERT INTO COURSE VALUES ('1300000036', 'math', 'course36', '1000000036', '1200000036');
INSERT INTO COURSE VALUES ('1300000037', 'science', 'course37', '1000000037', '1200000037');
INSERT INTO COURSE VALUES ('1300000038', 'math', 'course38', '1000000038', '1200000038');
INSERT INTO COURSE VALUES ('1300000039', 'korean', 'course39', '1000000039', '1200000039');
INSERT INTO COURSE VALUES ('1300000040', 'korean', 'course40', '1000000040', '1200000040');
INSERT INTO COURSE VALUES ('1300000041', 'math', 'course41', '1000000041', '1200000041');
INSERT INTO COURSE VALUES ('1300000042', 'science', 'course42', '1000000042', '1200000042');
INSERT INTO COURSE VALUES ('1300000043', 'math', 'course43', '1000000043', '1200000043');
INSERT INTO COURSE VALUES ('1300000044', 'korean', 'course44', '1000000044', '1200000044');
INSERT INTO COURSE VALUES ('1300000045', 'korean', 'course45', '1000000045', '1200000045');
INSERT INTO COURSE VALUES ('1300000046', 'math', 'course46', '1000000046', '1200000046');
INSERT INTO COURSE VALUES ('1300000047', 'science', 'course47', '1000000047', '1200000047');
INSERT INTO COURSE VALUES ('1300000048', 'math', 'course48', '1000000048', '1200000048');
INSERT INTO COURSE VALUES ('1300000049', 'korean', 'course49', '1000000049', '1200000049');
INSERT INTO COURSE VALUES ('1300000050', 'korean', 'course50', '1000000050', '1200000050');
INSERT INTO COURSE VALUES ('1300000051', 'math', 'course51', '1000000051', '1200000051');
INSERT INTO COURSE VALUES ('1300000052', 'science', 'course52', '1000000052', '1200000052');
INSERT INTO COURSE VALUES ('1300000053', 'math', 'course53', '1000000053', '1200000053');
INSERT INTO COURSE VALUES ('1300000054', 'korean', 'course54', '1000000054', '1200000054');
INSERT INTO COURSE VALUES ('1300000055', 'korean', 'course55', '1000000055', '1200000055');
INSERT INTO COURSE VALUES ('1300000056', 'math', 'course56', '1000000056', '1200000056');
INSERT INTO COURSE VALUES ('1300000057', 'science', 'course57', '1000000057', '1200000057');
INSERT INTO COURSE VALUES ('1300000058', 'math', 'course58', '1000000058', '1200000058');
INSERT INTO COURSE VALUES ('1300000059', 'korean', 'course59', '1000000059', '1200000059');
INSERT INTO COURSE VALUES ('1300000060', 'korean', 'course60', '1000000060', '1200000060');
INSERT INTO COURSE VALUES ('1300000061', 'math', 'course61', '1000000061', '1200000061');
INSERT INTO COURSE VALUES ('1300000062', 'science', 'course62', '1000000062', '1200000062');
INSERT INTO COURSE VALUES ('1300000063', 'math', 'course63', '1000000063', '1200000063');
INSERT INTO COURSE VALUES ('1300000064', 'korean', 'course64', '1000000064', '1200000064');
INSERT INTO COURSE VALUES ('1300000065', 'korean', 'course65', '1000000065', '1200000065');
INSERT INTO COURSE VALUES ('1300000066', 'math', 'course66', '1000000066', '1200000066');
INSERT INTO COURSE VALUES ('1300000067', 'science', 'course67', '1000000067', '1200000067');
INSERT INTO COURSE VALUES ('1300000068', 'math', 'course68', '1000000068', '1200000068');
INSERT INTO COURSE VALUES ('1300000069', 'korean', 'course69', '1000000069', '1200000069');
INSERT INTO COURSE VALUES ('1300000070', 'korean', 'course70', '1000000070', '1200000070');
INSERT INTO COURSE VALUES ('1300000071', 'math', 'course71', '1000000071', '1200000071');
INSERT INTO COURSE VALUES ('1300000072', 'science', 'course72', '1000000072', '1200000072');
INSERT INTO COURSE VALUES ('1300000073', 'math', 'course73', '1000000073', '1200000073');
INSERT INTO COURSE VALUES ('1300000074', 'korean', 'course74', '1000000074', '1200000074');
INSERT INTO COURSE VALUES ('1300000075', 'korean', 'course75', '1000000075', '1200000075');
INSERT INTO COURSE VALUES ('1300000076', 'math', 'course76', '1000000076', '1200000076');
INSERT INTO COURSE VALUES ('1300000077', 'science', 'course77', '1000000077', '1200000077');
INSERT INTO COURSE VALUES ('1300000078', 'math', 'course78', '1000000078', '1200000078');
INSERT INTO COURSE VALUES ('1300000079', 'korean', 'course79', '1000000079', '1200000079');
INSERT INTO COURSE VALUES ('1300000080', 'korean', 'course80', '1000000080', '1200000080');
INSERT INTO COURSE VALUES ('1300000081', 'math', 'course81', '1000000081', '1200000081');
INSERT INTO COURSE VALUES ('1300000082', 'science', 'course82', '1000000082', '1200000082');
INSERT INTO COURSE VALUES ('1300000083', 'math', 'course83', '1000000083', '1200000083');
INSERT INTO COURSE VALUES ('1300000084', 'korean', 'course84', '1000000084', '1200000084');
INSERT INTO COURSE VALUES ('1300000085', 'korean', 'course85', '1000000085', '1200000085');
INSERT INTO COURSE VALUES ('1300000086', 'math', 'course86', '1000000086', '1200000086');
INSERT INTO COURSE VALUES ('1300000087', 'science', 'course87', '1000000087', '1200000087');
INSERT INTO COURSE VALUES ('1300000088', 'math', 'course88', '1000000088', '1200000088');
INSERT INTO COURSE VALUES ('1300000089', 'korean', 'course89', '1000000089', '1200000089');
INSERT INTO COURSE VALUES ('1300000090', 'korean', 'course90', '1000000090', '1200000090');
INSERT INTO COURSE VALUES ('1300000091', 'math', 'course91', '1000000091', '1200000091');
INSERT INTO COURSE VALUES ('1300000092', 'science', 'course92', '1000000092', '1200000092');
INSERT INTO COURSE VALUES ('1300000093', 'math', 'course93', '1000000093', '1200000093');
INSERT INTO COURSE VALUES ('1300000094', 'korean', 'course94', '1000000094', '1200000094');
INSERT INTO COURSE VALUES ('1300000095', 'korean', 'course95', '1000000095', '1200000095');
INSERT INTO COURSE VALUES ('1300000096', 'math', 'course96', '1000000096', '1200000096');
INSERT INTO COURSE VALUES ('1300000097', 'science', 'course97', '1000000097', '1200000097');
INSERT INTO COURSE VALUES ('1300000098', 'math', 'course98', '1000000098', '1200000098');
INSERT INTO COURSE VALUES ('1300000099', 'korean', 'course99', '1000000099', '1200000099');

INSERT INTO CLASSROOM VALUES ('1400000000', '1300000000', 'Test Syllabus 0');
INSERT INTO CLASSROOM VALUES ('1400000001', '1300000001', 'Test Syllabus 1');
INSERT INTO CLASSROOM VALUES ('1400000002', '1300000002', 'Test Syllabus 2');
INSERT INTO CLASSROOM VALUES ('1400000003', '1300000003', 'Test Syllabus 3');
INSERT INTO CLASSROOM VALUES ('1400000004', '1300000004', 'Test Syllabus 4');
INSERT INTO CLASSROOM VALUES ('1400000005', '1300000005', 'Test Syllabus 5');
INSERT INTO CLASSROOM VALUES ('1400000006', '1300000006', 'Test Syllabus 6');
INSERT INTO CLASSROOM VALUES ('1400000007', '1300000007', 'Test Syllabus 7');
INSERT INTO CLASSROOM VALUES ('1400000008', '1300000008', 'Test Syllabus 8');
INSERT INTO CLASSROOM VALUES ('1400000009', '1300000009', 'Test Syllabus 9');
INSERT INTO CLASSROOM VALUES ('1400000010', '1300000010', 'Test Syllabus 10');
INSERT INTO CLASSROOM VALUES ('1400000011', '1300000011', 'Test Syllabus 11');
INSERT INTO CLASSROOM VALUES ('1400000012', '1300000012', 'Test Syllabus 12');
INSERT INTO CLASSROOM VALUES ('1400000013', '1300000013', 'Test Syllabus 13');
INSERT INTO CLASSROOM VALUES ('1400000014', '1300000014', 'Test Syllabus 14');
INSERT INTO CLASSROOM VALUES ('1400000015', '1300000015', 'Test Syllabus 15');
INSERT INTO CLASSROOM VALUES ('1400000016', '1300000016', 'Test Syllabus 16');
INSERT INTO CLASSROOM VALUES ('1400000017', '1300000017', 'Test Syllabus 17');
INSERT INTO CLASSROOM VALUES ('1400000018', '1300000018', 'Test Syllabus 18');
INSERT INTO CLASSROOM VALUES ('1400000019', '1300000019', 'Test Syllabus 19');
INSERT INTO CLASSROOM VALUES ('1400000020', '1300000020', 'Test Syllabus 20');
INSERT INTO CLASSROOM VALUES ('1400000021', '1300000021', 'Test Syllabus 21');
INSERT INTO CLASSROOM VALUES ('1400000022', '1300000022', 'Test Syllabus 22');
INSERT INTO CLASSROOM VALUES ('1400000023', '1300000023', 'Test Syllabus 23');
INSERT INTO CLASSROOM VALUES ('1400000024', '1300000024', 'Test Syllabus 24');
INSERT INTO CLASSROOM VALUES ('1400000025', '1300000025', 'Test Syllabus 25');
INSERT INTO CLASSROOM VALUES ('1400000026', '1300000026', 'Test Syllabus 26');
INSERT INTO CLASSROOM VALUES ('1400000027', '1300000027', 'Test Syllabus 27');
INSERT INTO CLASSROOM VALUES ('1400000028', '1300000028', 'Test Syllabus 28');
INSERT INTO CLASSROOM VALUES ('1400000029', '1300000029', 'Test Syllabus 29');
INSERT INTO CLASSROOM VALUES ('1400000030', '1300000030', 'Test Syllabus 30');
INSERT INTO CLASSROOM VALUES ('1400000031', '1300000031', 'Test Syllabus 31');
INSERT INTO CLASSROOM VALUES ('1400000032', '1300000032', 'Test Syllabus 32');
INSERT INTO CLASSROOM VALUES ('1400000033', '1300000033', 'Test Syllabus 33');
INSERT INTO CLASSROOM VALUES ('1400000034', '1300000034', 'Test Syllabus 34');
INSERT INTO CLASSROOM VALUES ('1400000035', '1300000035', 'Test Syllabus 35');
INSERT INTO CLASSROOM VALUES ('1400000036', '1300000036', 'Test Syllabus 36');
INSERT INTO CLASSROOM VALUES ('1400000037', '1300000037', 'Test Syllabus 37');
INSERT INTO CLASSROOM VALUES ('1400000038', '1300000038', 'Test Syllabus 38');
INSERT INTO CLASSROOM VALUES ('1400000039', '1300000039', 'Test Syllabus 39');
INSERT INTO CLASSROOM VALUES ('1400000040', '1300000040', 'Test Syllabus 40');
INSERT INTO CLASSROOM VALUES ('1400000041', '1300000041', 'Test Syllabus 41');
INSERT INTO CLASSROOM VALUES ('1400000042', '1300000042', 'Test Syllabus 42');
INSERT INTO CLASSROOM VALUES ('1400000043', '1300000043', 'Test Syllabus 43');
INSERT INTO CLASSROOM VALUES ('1400000044', '1300000044', 'Test Syllabus 44');
INSERT INTO CLASSROOM VALUES ('1400000045', '1300000045', 'Test Syllabus 45');
INSERT INTO CLASSROOM VALUES ('1400000046', '1300000046', 'Test Syllabus 46');
INSERT INTO CLASSROOM VALUES ('1400000047', '1300000047', 'Test Syllabus 47');
INSERT INTO CLASSROOM VALUES ('1400000048', '1300000048', 'Test Syllabus 48');
INSERT INTO CLASSROOM VALUES ('1400000049', '1300000049', 'Test Syllabus 49');
INSERT INTO CLASSROOM VALUES ('1400000050', '1300000050', 'Test Syllabus 50');
INSERT INTO CLASSROOM VALUES ('1400000051', '1300000051', 'Test Syllabus 51');
INSERT INTO CLASSROOM VALUES ('1400000052', '1300000052', 'Test Syllabus 52');
INSERT INTO CLASSROOM VALUES ('1400000053', '1300000053', 'Test Syllabus 53');
INSERT INTO CLASSROOM VALUES ('1400000054', '1300000054', 'Test Syllabus 54');
INSERT INTO CLASSROOM VALUES ('1400000055', '1300000055', 'Test Syllabus 55');
INSERT INTO CLASSROOM VALUES ('1400000056', '1300000056', 'Test Syllabus 56');
INSERT INTO CLASSROOM VALUES ('1400000057', '1300000057', 'Test Syllabus 57');
INSERT INTO CLASSROOM VALUES ('1400000058', '1300000058', 'Test Syllabus 58');
INSERT INTO CLASSROOM VALUES ('1400000059', '1300000059', 'Test Syllabus 59');
INSERT INTO CLASSROOM VALUES ('1400000060', '1300000060', 'Test Syllabus 60');
INSERT INTO CLASSROOM VALUES ('1400000061', '1300000061', 'Test Syllabus 61');
INSERT INTO CLASSROOM VALUES ('1400000062', '1300000062', 'Test Syllabus 62');
INSERT INTO CLASSROOM VALUES ('1400000063', '1300000063', 'Test Syllabus 63');
INSERT INTO CLASSROOM VALUES ('1400000064', '1300000064', 'Test Syllabus 64');
INSERT INTO CLASSROOM VALUES ('1400000065', '1300000065', 'Test Syllabus 65');
INSERT INTO CLASSROOM VALUES ('1400000066', '1300000066', 'Test Syllabus 66');
INSERT INTO CLASSROOM VALUES ('1400000067', '1300000067', 'Test Syllabus 67');
INSERT INTO CLASSROOM VALUES ('1400000068', '1300000068', 'Test Syllabus 68');
INSERT INTO CLASSROOM VALUES ('1400000069', '1300000069', 'Test Syllabus 69');
INSERT INTO CLASSROOM VALUES ('1400000070', '1300000070', 'Test Syllabus 70');
INSERT INTO CLASSROOM VALUES ('1400000071', '1300000071', 'Test Syllabus 71');
INSERT INTO CLASSROOM VALUES ('1400000072', '1300000072', 'Test Syllabus 72');
INSERT INTO CLASSROOM VALUES ('1400000073', '1300000073', 'Test Syllabus 73');
INSERT INTO CLASSROOM VALUES ('1400000074', '1300000074', 'Test Syllabus 74');
INSERT INTO CLASSROOM VALUES ('1400000075', '1300000075', 'Test Syllabus 75');
INSERT INTO CLASSROOM VALUES ('1400000076', '1300000076', 'Test Syllabus 76');
INSERT INTO CLASSROOM VALUES ('1400000077', '1300000077', 'Test Syllabus 77');
INSERT INTO CLASSROOM VALUES ('1400000078', '1300000078', 'Test Syllabus 78');
INSERT INTO CLASSROOM VALUES ('1400000079', '1300000079', 'Test Syllabus 79');
INSERT INTO CLASSROOM VALUES ('1400000080', '1300000080', 'Test Syllabus 80');
INSERT INTO CLASSROOM VALUES ('1400000081', '1300000081', 'Test Syllabus 81');
INSERT INTO CLASSROOM VALUES ('1400000082', '1300000082', 'Test Syllabus 82');
INSERT INTO CLASSROOM VALUES ('1400000083', '1300000083', 'Test Syllabus 83');
INSERT INTO CLASSROOM VALUES ('1400000084', '1300000084', 'Test Syllabus 84');
INSERT INTO CLASSROOM VALUES ('1400000085', '1300000085', 'Test Syllabus 85');
INSERT INTO CLASSROOM VALUES ('1400000086', '1300000086', 'Test Syllabus 86');
INSERT INTO CLASSROOM VALUES ('1400000087', '1300000087', 'Test Syllabus 87');
INSERT INTO CLASSROOM VALUES ('1400000088', '1300000088', 'Test Syllabus 88');
INSERT INTO CLASSROOM VALUES ('1400000089', '1300000089', 'Test Syllabus 89');
INSERT INTO CLASSROOM VALUES ('1400000090', '1300000090', 'Test Syllabus 90');
INSERT INTO CLASSROOM VALUES ('1400000091', '1300000091', 'Test Syllabus 91');
INSERT INTO CLASSROOM VALUES ('1400000092', '1300000092', 'Test Syllabus 92');
INSERT INTO CLASSROOM VALUES ('1400000093', '1300000093', 'Test Syllabus 93');
INSERT INTO CLASSROOM VALUES ('1400000094', '1300000094', 'Test Syllabus 94');
INSERT INTO CLASSROOM VALUES ('1400000095', '1300000095', 'Test Syllabus 95');
INSERT INTO CLASSROOM VALUES ('1400000096', '1300000096', 'Test Syllabus 96');
INSERT INTO CLASSROOM VALUES ('1400000097', '1300000097', 'Test Syllabus 97');
INSERT INTO CLASSROOM VALUES ('1400000098', '1300000098', 'Test Syllabus 98');
INSERT INTO CLASSROOM VALUES ('1400000099', '1300000099', 'Test Syllabus 99');

INSERT INTO TEACHER_MANAGEMENT VALUES ('1000000000', 'ADMIN0');
INSERT INTO TEACHER_MANAGEMENT VALUES ('1000000001', 'ADMIN0');
INSERT INTO TEACHER_MANAGEMENT VALUES ('1000000002', 'ADMIN0');
INSERT INTO TEACHER_MANAGEMENT VALUES ('1000000003', 'ADMIN0');
INSERT INTO TEACHER_MANAGEMENT VALUES ('1000000004', 'ADMIN0');
INSERT INTO TEACHER_MANAGEMENT VALUES ('1000000005', 'ADMIN0');
INSERT INTO TEACHER_MANAGEMENT VALUES ('1000000006', 'ADMIN0');
INSERT INTO TEACHER_MANAGEMENT VALUES ('1000000007', 'ADMIN0');
INSERT INTO TEACHER_MANAGEMENT VALUES ('1000000008', 'ADMIN0');
INSERT INTO TEACHER_MANAGEMENT VALUES ('1000000009', 'ADMIN0');
INSERT INTO TEACHER_MANAGEMENT VALUES ('1000000010', 'ADMIN1');
INSERT INTO TEACHER_MANAGEMENT VALUES ('1000000011', 'ADMIN1');
INSERT INTO TEACHER_MANAGEMENT VALUES ('1000000012', 'ADMIN1');
INSERT INTO TEACHER_MANAGEMENT VALUES ('1000000013', 'ADMIN1');
INSERT INTO TEACHER_MANAGEMENT VALUES ('1000000014', 'ADMIN1');
INSERT INTO TEACHER_MANAGEMENT VALUES ('1000000015', 'ADMIN1');
INSERT INTO TEACHER_MANAGEMENT VALUES ('1000000016', 'ADMIN1');
INSERT INTO TEACHER_MANAGEMENT VALUES ('1000000017', 'ADMIN1');
INSERT INTO TEACHER_MANAGEMENT VALUES ('1000000018', 'ADMIN1');
INSERT INTO TEACHER_MANAGEMENT VALUES ('1000000019', 'ADMIN1');
INSERT INTO TEACHER_MANAGEMENT VALUES ('1000000020', 'ADMIN2');
INSERT INTO TEACHER_MANAGEMENT VALUES ('1000000021', 'ADMIN2');
INSERT INTO TEACHER_MANAGEMENT VALUES ('1000000022', 'ADMIN2');
INSERT INTO TEACHER_MANAGEMENT VALUES ('1000000023', 'ADMIN2');
INSERT INTO TEACHER_MANAGEMENT VALUES ('1000000024', 'ADMIN2');
INSERT INTO TEACHER_MANAGEMENT VALUES ('1000000025', 'ADMIN2');
INSERT INTO TEACHER_MANAGEMENT VALUES ('1000000026', 'ADMIN2');
INSERT INTO TEACHER_MANAGEMENT VALUES ('1000000027', 'ADMIN2');
INSERT INTO TEACHER_MANAGEMENT VALUES ('1000000028', 'ADMIN2');
INSERT INTO TEACHER_MANAGEMENT VALUES ('1000000029', 'ADMIN2');
INSERT INTO TEACHER_MANAGEMENT VALUES ('1000000030', 'ADMIN3');
INSERT INTO TEACHER_MANAGEMENT VALUES ('1000000031', 'ADMIN3');
INSERT INTO TEACHER_MANAGEMENT VALUES ('1000000032', 'ADMIN3');
INSERT INTO TEACHER_MANAGEMENT VALUES ('1000000033', 'ADMIN3');
INSERT INTO TEACHER_MANAGEMENT VALUES ('1000000034', 'ADMIN3');
INSERT INTO TEACHER_MANAGEMENT VALUES ('1000000035', 'ADMIN3');
INSERT INTO TEACHER_MANAGEMENT VALUES ('1000000036', 'ADMIN3');
INSERT INTO TEACHER_MANAGEMENT VALUES ('1000000037', 'ADMIN3');
INSERT INTO TEACHER_MANAGEMENT VALUES ('1000000038', 'ADMIN3');
INSERT INTO TEACHER_MANAGEMENT VALUES ('1000000039', 'ADMIN3');
INSERT INTO TEACHER_MANAGEMENT VALUES ('1000000040', 'ADMIN4');
INSERT INTO TEACHER_MANAGEMENT VALUES ('1000000041', 'ADMIN4');
INSERT INTO TEACHER_MANAGEMENT VALUES ('1000000042', 'ADMIN4');
INSERT INTO TEACHER_MANAGEMENT VALUES ('1000000043', 'ADMIN4');
INSERT INTO TEACHER_MANAGEMENT VALUES ('1000000044', 'ADMIN4');
INSERT INTO TEACHER_MANAGEMENT VALUES ('1000000045', 'ADMIN4');
INSERT INTO TEACHER_MANAGEMENT VALUES ('1000000046', 'ADMIN4');
INSERT INTO TEACHER_MANAGEMENT VALUES ('1000000047', 'ADMIN4');
INSERT INTO TEACHER_MANAGEMENT VALUES ('1000000048', 'ADMIN4');
INSERT INTO TEACHER_MANAGEMENT VALUES ('1000000049', 'ADMIN4');
INSERT INTO TEACHER_MANAGEMENT VALUES ('1000000050', 'ADMIN5');
INSERT INTO TEACHER_MANAGEMENT VALUES ('1000000051', 'ADMIN5');
INSERT INTO TEACHER_MANAGEMENT VALUES ('1000000052', 'ADMIN5');
INSERT INTO TEACHER_MANAGEMENT VALUES ('1000000053', 'ADMIN5');
INSERT INTO TEACHER_MANAGEMENT VALUES ('1000000054', 'ADMIN5');
INSERT INTO TEACHER_MANAGEMENT VALUES ('1000000055', 'ADMIN5');
INSERT INTO TEACHER_MANAGEMENT VALUES ('1000000056', 'ADMIN5');
INSERT INTO TEACHER_MANAGEMENT VALUES ('1000000057', 'ADMIN5');
INSERT INTO TEACHER_MANAGEMENT VALUES ('1000000058', 'ADMIN5');
INSERT INTO TEACHER_MANAGEMENT VALUES ('1000000059', 'ADMIN5');
INSERT INTO TEACHER_MANAGEMENT VALUES ('1000000060', 'ADMIN6');
INSERT INTO TEACHER_MANAGEMENT VALUES ('1000000061', 'ADMIN6');
INSERT INTO TEACHER_MANAGEMENT VALUES ('1000000062', 'ADMIN6');
INSERT INTO TEACHER_MANAGEMENT VALUES ('1000000063', 'ADMIN6');
INSERT INTO TEACHER_MANAGEMENT VALUES ('1000000064', 'ADMIN6');
INSERT INTO TEACHER_MANAGEMENT VALUES ('1000000065', 'ADMIN6');
INSERT INTO TEACHER_MANAGEMENT VALUES ('1000000066', 'ADMIN6');
INSERT INTO TEACHER_MANAGEMENT VALUES ('1000000067', 'ADMIN6');
INSERT INTO TEACHER_MANAGEMENT VALUES ('1000000068', 'ADMIN6');
INSERT INTO TEACHER_MANAGEMENT VALUES ('1000000069', 'ADMIN6');
INSERT INTO TEACHER_MANAGEMENT VALUES ('1000000070', 'ADMIN7');
INSERT INTO TEACHER_MANAGEMENT VALUES ('1000000071', 'ADMIN7');
INSERT INTO TEACHER_MANAGEMENT VALUES ('1000000072', 'ADMIN7');
INSERT INTO TEACHER_MANAGEMENT VALUES ('1000000073', 'ADMIN7');
INSERT INTO TEACHER_MANAGEMENT VALUES ('1000000074', 'ADMIN7');
INSERT INTO TEACHER_MANAGEMENT VALUES ('1000000075', 'ADMIN7');
INSERT INTO TEACHER_MANAGEMENT VALUES ('1000000076', 'ADMIN7');
INSERT INTO TEACHER_MANAGEMENT VALUES ('1000000077', 'ADMIN7');
INSERT INTO TEACHER_MANAGEMENT VALUES ('1000000078', 'ADMIN7');
INSERT INTO TEACHER_MANAGEMENT VALUES ('1000000079', 'ADMIN7');
INSERT INTO TEACHER_MANAGEMENT VALUES ('1000000080', 'ADMIN8');
INSERT INTO TEACHER_MANAGEMENT VALUES ('1000000081', 'ADMIN8');
INSERT INTO TEACHER_MANAGEMENT VALUES ('1000000082', 'ADMIN8');
INSERT INTO TEACHER_MANAGEMENT VALUES ('1000000083', 'ADMIN8');
INSERT INTO TEACHER_MANAGEMENT VALUES ('1000000084', 'ADMIN8');
INSERT INTO TEACHER_MANAGEMENT VALUES ('1000000085', 'ADMIN8');
INSERT INTO TEACHER_MANAGEMENT VALUES ('1000000086', 'ADMIN8');
INSERT INTO TEACHER_MANAGEMENT VALUES ('1000000087', 'ADMIN8');
INSERT INTO TEACHER_MANAGEMENT VALUES ('1000000088', 'ADMIN8');
INSERT INTO TEACHER_MANAGEMENT VALUES ('1000000089', 'ADMIN8');
INSERT INTO TEACHER_MANAGEMENT VALUES ('1000000090', 'ADMIN9');
INSERT INTO TEACHER_MANAGEMENT VALUES ('1000000091', 'ADMIN9');
INSERT INTO TEACHER_MANAGEMENT VALUES ('1000000092', 'ADMIN9');
INSERT INTO TEACHER_MANAGEMENT VALUES ('1000000093', 'ADMIN9');
INSERT INTO TEACHER_MANAGEMENT VALUES ('1000000094', 'ADMIN9');
INSERT INTO TEACHER_MANAGEMENT VALUES ('1000000095', 'ADMIN9');
INSERT INTO TEACHER_MANAGEMENT VALUES ('1000000096', 'ADMIN9');
INSERT INTO TEACHER_MANAGEMENT VALUES ('1000000097', 'ADMIN9');
INSERT INTO TEACHER_MANAGEMENT VALUES ('1000000098', 'ADMIN9');
INSERT INTO TEACHER_MANAGEMENT VALUES ('1000000099', 'ADMIN9');

INSERT INTO POST_MANAGEMENT VALUES (0, 'ADMIN10');
INSERT INTO POST_MANAGEMENT VALUES (1, 'ADMIN10');
INSERT INTO POST_MANAGEMENT VALUES (2, 'ADMIN10');
INSERT INTO POST_MANAGEMENT VALUES (3, 'ADMIN10');
INSERT INTO POST_MANAGEMENT VALUES (4, 'ADMIN10');
INSERT INTO POST_MANAGEMENT VALUES (5, 'ADMIN10');
INSERT INTO POST_MANAGEMENT VALUES (6, 'ADMIN10');
INSERT INTO POST_MANAGEMENT VALUES (7, 'ADMIN10');
INSERT INTO POST_MANAGEMENT VALUES (8, 'ADMIN10');
INSERT INTO POST_MANAGEMENT VALUES (9, 'ADMIN10');
INSERT INTO POST_MANAGEMENT VALUES (10, 'ADMIN11');
INSERT INTO POST_MANAGEMENT VALUES (11, 'ADMIN11');
INSERT INTO POST_MANAGEMENT VALUES (12, 'ADMIN11');
INSERT INTO POST_MANAGEMENT VALUES (13, 'ADMIN11');
INSERT INTO POST_MANAGEMENT VALUES (14, 'ADMIN11');
INSERT INTO POST_MANAGEMENT VALUES (15, 'ADMIN11');
INSERT INTO POST_MANAGEMENT VALUES (16, 'ADMIN11');
INSERT INTO POST_MANAGEMENT VALUES (17, 'ADMIN11');
INSERT INTO POST_MANAGEMENT VALUES (18, 'ADMIN11');
INSERT INTO POST_MANAGEMENT VALUES (19, 'ADMIN11');
INSERT INTO POST_MANAGEMENT VALUES (20, 'ADMIN12');
INSERT INTO POST_MANAGEMENT VALUES (21, 'ADMIN12');
INSERT INTO POST_MANAGEMENT VALUES (22, 'ADMIN12');
INSERT INTO POST_MANAGEMENT VALUES (23, 'ADMIN12');
INSERT INTO POST_MANAGEMENT VALUES (24, 'ADMIN12');
INSERT INTO POST_MANAGEMENT VALUES (25, 'ADMIN12');
INSERT INTO POST_MANAGEMENT VALUES (26, 'ADMIN12');
INSERT INTO POST_MANAGEMENT VALUES (27, 'ADMIN12');
INSERT INTO POST_MANAGEMENT VALUES (28, 'ADMIN12');
INSERT INTO POST_MANAGEMENT VALUES (29, 'ADMIN12');
INSERT INTO POST_MANAGEMENT VALUES (30, 'ADMIN13');
INSERT INTO POST_MANAGEMENT VALUES (31, 'ADMIN13');
INSERT INTO POST_MANAGEMENT VALUES (32, 'ADMIN13');
INSERT INTO POST_MANAGEMENT VALUES (33, 'ADMIN13');
INSERT INTO POST_MANAGEMENT VALUES (34, 'ADMIN13');
INSERT INTO POST_MANAGEMENT VALUES (35, 'ADMIN13');
INSERT INTO POST_MANAGEMENT VALUES (36, 'ADMIN13');
INSERT INTO POST_MANAGEMENT VALUES (37, 'ADMIN13');
INSERT INTO POST_MANAGEMENT VALUES (38, 'ADMIN13');
INSERT INTO POST_MANAGEMENT VALUES (39, 'ADMIN13');
INSERT INTO POST_MANAGEMENT VALUES (40, 'ADMIN14');
INSERT INTO POST_MANAGEMENT VALUES (41, 'ADMIN14');
INSERT INTO POST_MANAGEMENT VALUES (42, 'ADMIN14');
INSERT INTO POST_MANAGEMENT VALUES (43, 'ADMIN14');
INSERT INTO POST_MANAGEMENT VALUES (44, 'ADMIN14');
INSERT INTO POST_MANAGEMENT VALUES (45, 'ADMIN14');
INSERT INTO POST_MANAGEMENT VALUES (46, 'ADMIN14');
INSERT INTO POST_MANAGEMENT VALUES (47, 'ADMIN14');
INSERT INTO POST_MANAGEMENT VALUES (48, 'ADMIN14');
INSERT INTO POST_MANAGEMENT VALUES (49, 'ADMIN14');
INSERT INTO POST_MANAGEMENT VALUES (50, 'ADMIN15');
INSERT INTO POST_MANAGEMENT VALUES (51, 'ADMIN15');
INSERT INTO POST_MANAGEMENT VALUES (52, 'ADMIN15');
INSERT INTO POST_MANAGEMENT VALUES (53, 'ADMIN15');
INSERT INTO POST_MANAGEMENT VALUES (54, 'ADMIN15');
INSERT INTO POST_MANAGEMENT VALUES (55, 'ADMIN15');
INSERT INTO POST_MANAGEMENT VALUES (56, 'ADMIN15');
INSERT INTO POST_MANAGEMENT VALUES (57, 'ADMIN15');
INSERT INTO POST_MANAGEMENT VALUES (58, 'ADMIN15');
INSERT INTO POST_MANAGEMENT VALUES (59, 'ADMIN15');
INSERT INTO POST_MANAGEMENT VALUES (60, 'ADMIN16');
INSERT INTO POST_MANAGEMENT VALUES (61, 'ADMIN16');
INSERT INTO POST_MANAGEMENT VALUES (62, 'ADMIN16');
INSERT INTO POST_MANAGEMENT VALUES (63, 'ADMIN16');
INSERT INTO POST_MANAGEMENT VALUES (64, 'ADMIN16');
INSERT INTO POST_MANAGEMENT VALUES (65, 'ADMIN16');
INSERT INTO POST_MANAGEMENT VALUES (66, 'ADMIN16');
INSERT INTO POST_MANAGEMENT VALUES (67, 'ADMIN16');
INSERT INTO POST_MANAGEMENT VALUES (68, 'ADMIN16');
INSERT INTO POST_MANAGEMENT VALUES (69, 'ADMIN16');
INSERT INTO POST_MANAGEMENT VALUES (70, 'ADMIN17');
INSERT INTO POST_MANAGEMENT VALUES (71, 'ADMIN17');
INSERT INTO POST_MANAGEMENT VALUES (72, 'ADMIN17');
INSERT INTO POST_MANAGEMENT VALUES (73, 'ADMIN17');
INSERT INTO POST_MANAGEMENT VALUES (74, 'ADMIN17');
INSERT INTO POST_MANAGEMENT VALUES (75, 'ADMIN17');
INSERT INTO POST_MANAGEMENT VALUES (76, 'ADMIN17');
INSERT INTO POST_MANAGEMENT VALUES (77, 'ADMIN17');
INSERT INTO POST_MANAGEMENT VALUES (78, 'ADMIN17');
INSERT INTO POST_MANAGEMENT VALUES (79, 'ADMIN17');
INSERT INTO POST_MANAGEMENT VALUES (80, 'ADMIN18');
INSERT INTO POST_MANAGEMENT VALUES (81, 'ADMIN18');
INSERT INTO POST_MANAGEMENT VALUES (82, 'ADMIN18');
INSERT INTO POST_MANAGEMENT VALUES (83, 'ADMIN18');
INSERT INTO POST_MANAGEMENT VALUES (84, 'ADMIN18');
INSERT INTO POST_MANAGEMENT VALUES (85, 'ADMIN18');
INSERT INTO POST_MANAGEMENT VALUES (86, 'ADMIN18');
INSERT INTO POST_MANAGEMENT VALUES (87, 'ADMIN18');
INSERT INTO POST_MANAGEMENT VALUES (88, 'ADMIN18');
INSERT INTO POST_MANAGEMENT VALUES (89, 'ADMIN18');
INSERT INTO POST_MANAGEMENT VALUES (90, 'ADMIN19');
INSERT INTO POST_MANAGEMENT VALUES (91, 'ADMIN19');
INSERT INTO POST_MANAGEMENT VALUES (92, 'ADMIN19');
INSERT INTO POST_MANAGEMENT VALUES (93, 'ADMIN19');
INSERT INTO POST_MANAGEMENT VALUES (94, 'ADMIN19');
INSERT INTO POST_MANAGEMENT VALUES (95, 'ADMIN19');
INSERT INTO POST_MANAGEMENT VALUES (96, 'ADMIN19');
INSERT INTO POST_MANAGEMENT VALUES (97, 'ADMIN19');
INSERT INTO POST_MANAGEMENT VALUES (98, 'ADMIN19');
INSERT INTO POST_MANAGEMENT VALUES (99, 'ADMIN19');

INSERT INTO READING_POST VALUES (0, '1100000000');
INSERT INTO READING_POST VALUES (1, '1100000000');
INSERT INTO READING_POST VALUES (2, '1100000000');
INSERT INTO READING_POST VALUES (3, '1100000000');
INSERT INTO READING_POST VALUES (4, '1100000000');
INSERT INTO READING_POST VALUES (5, '1100000000');
INSERT INTO READING_POST VALUES (6, '1100000000');
INSERT INTO READING_POST VALUES (7, '1100000000');
INSERT INTO READING_POST VALUES (8, '1100000000');
INSERT INTO READING_POST VALUES (9, '1100000000');
INSERT INTO READING_POST VALUES (10, '1100000001');
INSERT INTO READING_POST VALUES (11, '1100000001');
INSERT INTO READING_POST VALUES (12, '1100000001');
INSERT INTO READING_POST VALUES (13, '1100000001');
INSERT INTO READING_POST VALUES (14, '1100000001');
INSERT INTO READING_POST VALUES (15, '1100000001');
INSERT INTO READING_POST VALUES (16, '1100000001');
INSERT INTO READING_POST VALUES (17, '1100000001');
INSERT INTO READING_POST VALUES (18, '1100000001');
INSERT INTO READING_POST VALUES (19, '1100000001');
INSERT INTO READING_POST VALUES (20, '1100000002');
INSERT INTO READING_POST VALUES (21, '1100000002');
INSERT INTO READING_POST VALUES (22, '1100000002');
INSERT INTO READING_POST VALUES (23, '1100000002');
INSERT INTO READING_POST VALUES (24, '1100000002');
INSERT INTO READING_POST VALUES (25, '1100000002');
INSERT INTO READING_POST VALUES (26, '1100000002');
INSERT INTO READING_POST VALUES (27, '1100000002');
INSERT INTO READING_POST VALUES (28, '1100000002');
INSERT INTO READING_POST VALUES (29, '1100000002');
INSERT INTO READING_POST VALUES (30, '1100000003');
INSERT INTO READING_POST VALUES (31, '1100000003');
INSERT INTO READING_POST VALUES (32, '1100000003');
INSERT INTO READING_POST VALUES (33, '1100000003');
INSERT INTO READING_POST VALUES (34, '1100000003');
INSERT INTO READING_POST VALUES (35, '1100000003');
INSERT INTO READING_POST VALUES (36, '1100000003');
INSERT INTO READING_POST VALUES (37, '1100000003');
INSERT INTO READING_POST VALUES (38, '1100000003');
INSERT INTO READING_POST VALUES (39, '1100000003');
INSERT INTO READING_POST VALUES (40, '1100000004');
INSERT INTO READING_POST VALUES (41, '1100000004');
INSERT INTO READING_POST VALUES (42, '1100000004');
INSERT INTO READING_POST VALUES (43, '1100000004');
INSERT INTO READING_POST VALUES (44, '1100000004');
INSERT INTO READING_POST VALUES (45, '1100000004');
INSERT INTO READING_POST VALUES (46, '1100000004');
INSERT INTO READING_POST VALUES (47, '1100000004');
INSERT INTO READING_POST VALUES (48, '1100000004');
INSERT INTO READING_POST VALUES (49, '1100000004');
INSERT INTO READING_POST VALUES (50, '1100000005');
INSERT INTO READING_POST VALUES (51, '1100000005');
INSERT INTO READING_POST VALUES (52, '1100000005');
INSERT INTO READING_POST VALUES (53, '1100000005');
INSERT INTO READING_POST VALUES (54, '1100000005');
INSERT INTO READING_POST VALUES (55, '1100000005');
INSERT INTO READING_POST VALUES (56, '1100000005');
INSERT INTO READING_POST VALUES (57, '1100000005');
INSERT INTO READING_POST VALUES (58, '1100000005');
INSERT INTO READING_POST VALUES (59, '1100000005');
INSERT INTO READING_POST VALUES (60, '1100000006');
INSERT INTO READING_POST VALUES (61, '1100000006');
INSERT INTO READING_POST VALUES (62, '1100000006');
INSERT INTO READING_POST VALUES (63, '1100000006');
INSERT INTO READING_POST VALUES (64, '1100000006');
INSERT INTO READING_POST VALUES (65, '1100000006');
INSERT INTO READING_POST VALUES (66, '1100000006');
INSERT INTO READING_POST VALUES (67, '1100000006');
INSERT INTO READING_POST VALUES (68, '1100000006');
INSERT INTO READING_POST VALUES (69, '1100000006');
INSERT INTO READING_POST VALUES (70, '1100000007');
INSERT INTO READING_POST VALUES (71, '1100000007');
INSERT INTO READING_POST VALUES (72, '1100000007');
INSERT INTO READING_POST VALUES (73, '1100000007');
INSERT INTO READING_POST VALUES (74, '1100000007');
INSERT INTO READING_POST VALUES (75, '1100000007');
INSERT INTO READING_POST VALUES (76, '1100000007');
INSERT INTO READING_POST VALUES (77, '1100000007');
INSERT INTO READING_POST VALUES (78, '1100000007');
INSERT INTO READING_POST VALUES (79, '1100000007');
INSERT INTO READING_POST VALUES (80, '1100000008');
INSERT INTO READING_POST VALUES (81, '1100000008');
INSERT INTO READING_POST VALUES (82, '1100000008');
INSERT INTO READING_POST VALUES (83, '1100000008');
INSERT INTO READING_POST VALUES (84, '1100000008');
INSERT INTO READING_POST VALUES (85, '1100000008');
INSERT INTO READING_POST VALUES (86, '1100000008');
INSERT INTO READING_POST VALUES (87, '1100000008');
INSERT INTO READING_POST VALUES (88, '1100000008');
INSERT INTO READING_POST VALUES (89, '1100000008');
INSERT INTO READING_POST VALUES (90, '1100000009');
INSERT INTO READING_POST VALUES (91, '1100000009');
INSERT INTO READING_POST VALUES (92, '1100000009');
INSERT INTO READING_POST VALUES (93, '1100000009');
INSERT INTO READING_POST VALUES (94, '1100000009');
INSERT INTO READING_POST VALUES (95, '1100000009');
INSERT INTO READING_POST VALUES (96, '1100000009');
INSERT INTO READING_POST VALUES (97, '1100000009');
INSERT INTO READING_POST VALUES (98, '1100000009');
INSERT INTO READING_POST VALUES (99, '1100000009');

INSERT INTO CONTAINING_STUDENT_INFO VALUES ('1100000000', '1200000000');
INSERT INTO CONTAINING_STUDENT_INFO VALUES ('1100000001', '1200000001');
INSERT INTO CONTAINING_STUDENT_INFO VALUES ('1100000002', '1200000002');
INSERT INTO CONTAINING_STUDENT_INFO VALUES ('1100000003', '1200000003');
INSERT INTO CONTAINING_STUDENT_INFO VALUES ('1100000004', '1200000004');
INSERT INTO CONTAINING_STUDENT_INFO VALUES ('1100000005', '1200000005');
INSERT INTO CONTAINING_STUDENT_INFO VALUES ('1100000006', '1200000006');
INSERT INTO CONTAINING_STUDENT_INFO VALUES ('1100000007', '1200000007');
INSERT INTO CONTAINING_STUDENT_INFO VALUES ('1100000008', '1200000008');
INSERT INTO CONTAINING_STUDENT_INFO VALUES ('1100000009', '1200000009');
INSERT INTO CONTAINING_STUDENT_INFO VALUES ('1100000010', '1200000010');
INSERT INTO CONTAINING_STUDENT_INFO VALUES ('1100000011', '1200000011');
INSERT INTO CONTAINING_STUDENT_INFO VALUES ('1100000012', '1200000012');
INSERT INTO CONTAINING_STUDENT_INFO VALUES ('1100000013', '1200000013');
INSERT INTO CONTAINING_STUDENT_INFO VALUES ('1100000014', '1200000014');
INSERT INTO CONTAINING_STUDENT_INFO VALUES ('1100000015', '1200000015');
INSERT INTO CONTAINING_STUDENT_INFO VALUES ('1100000016', '1200000016');
INSERT INTO CONTAINING_STUDENT_INFO VALUES ('1100000017', '1200000017');
INSERT INTO CONTAINING_STUDENT_INFO VALUES ('1100000018', '1200000018');
INSERT INTO CONTAINING_STUDENT_INFO VALUES ('1100000019', '1200000019');
INSERT INTO CONTAINING_STUDENT_INFO VALUES ('1100000020', '1200000020');
INSERT INTO CONTAINING_STUDENT_INFO VALUES ('1100000021', '1200000021');
INSERT INTO CONTAINING_STUDENT_INFO VALUES ('1100000022', '1200000022');
INSERT INTO CONTAINING_STUDENT_INFO VALUES ('1100000023', '1200000023');
INSERT INTO CONTAINING_STUDENT_INFO VALUES ('1100000024', '1200000024');
INSERT INTO CONTAINING_STUDENT_INFO VALUES ('1100000025', '1200000025');
INSERT INTO CONTAINING_STUDENT_INFO VALUES ('1100000026', '1200000026');
INSERT INTO CONTAINING_STUDENT_INFO VALUES ('1100000027', '1200000027');
INSERT INTO CONTAINING_STUDENT_INFO VALUES ('1100000028', '1200000028');
INSERT INTO CONTAINING_STUDENT_INFO VALUES ('1100000029', '1200000029');
INSERT INTO CONTAINING_STUDENT_INFO VALUES ('1100000030', '1200000030');
INSERT INTO CONTAINING_STUDENT_INFO VALUES ('1100000031', '1200000031');
INSERT INTO CONTAINING_STUDENT_INFO VALUES ('1100000032', '1200000032');
INSERT INTO CONTAINING_STUDENT_INFO VALUES ('1100000033', '1200000033');
INSERT INTO CONTAINING_STUDENT_INFO VALUES ('1100000034', '1200000034');
INSERT INTO CONTAINING_STUDENT_INFO VALUES ('1100000035', '1200000035');
INSERT INTO CONTAINING_STUDENT_INFO VALUES ('1100000036', '1200000036');
INSERT INTO CONTAINING_STUDENT_INFO VALUES ('1100000037', '1200000037');
INSERT INTO CONTAINING_STUDENT_INFO VALUES ('1100000038', '1200000038');
INSERT INTO CONTAINING_STUDENT_INFO VALUES ('1100000039', '1200000039');
INSERT INTO CONTAINING_STUDENT_INFO VALUES ('1100000040', '1200000040');
INSERT INTO CONTAINING_STUDENT_INFO VALUES ('1100000041', '1200000041');
INSERT INTO CONTAINING_STUDENT_INFO VALUES ('1100000042', '1200000042');
INSERT INTO CONTAINING_STUDENT_INFO VALUES ('1100000043', '1200000043');
INSERT INTO CONTAINING_STUDENT_INFO VALUES ('1100000044', '1200000044');
INSERT INTO CONTAINING_STUDENT_INFO VALUES ('1100000045', '1200000045');
INSERT INTO CONTAINING_STUDENT_INFO VALUES ('1100000046', '1200000046');
INSERT INTO CONTAINING_STUDENT_INFO VALUES ('1100000047', '1200000047');
INSERT INTO CONTAINING_STUDENT_INFO VALUES ('1100000048', '1200000048');
INSERT INTO CONTAINING_STUDENT_INFO VALUES ('1100000049', '1200000049');
INSERT INTO CONTAINING_STUDENT_INFO VALUES ('1100000050', '1200000050');
INSERT INTO CONTAINING_STUDENT_INFO VALUES ('1100000051', '1200000051');
INSERT INTO CONTAINING_STUDENT_INFO VALUES ('1100000052', '1200000052');
INSERT INTO CONTAINING_STUDENT_INFO VALUES ('1100000053', '1200000053');
INSERT INTO CONTAINING_STUDENT_INFO VALUES ('1100000054', '1200000054');
INSERT INTO CONTAINING_STUDENT_INFO VALUES ('1100000055', '1200000055');
INSERT INTO CONTAINING_STUDENT_INFO VALUES ('1100000056', '1200000056');
INSERT INTO CONTAINING_STUDENT_INFO VALUES ('1100000057', '1200000057');
INSERT INTO CONTAINING_STUDENT_INFO VALUES ('1100000058', '1200000058');
INSERT INTO CONTAINING_STUDENT_INFO VALUES ('1100000059', '1200000059');
INSERT INTO CONTAINING_STUDENT_INFO VALUES ('1100000060', '1200000060');
INSERT INTO CONTAINING_STUDENT_INFO VALUES ('1100000061', '1200000061');
INSERT INTO CONTAINING_STUDENT_INFO VALUES ('1100000062', '1200000062');
INSERT INTO CONTAINING_STUDENT_INFO VALUES ('1100000063', '1200000063');
INSERT INTO CONTAINING_STUDENT_INFO VALUES ('1100000064', '1200000064');
INSERT INTO CONTAINING_STUDENT_INFO VALUES ('1100000065', '1200000065');
INSERT INTO CONTAINING_STUDENT_INFO VALUES ('1100000066', '1200000066');
INSERT INTO CONTAINING_STUDENT_INFO VALUES ('1100000067', '1200000067');
INSERT INTO CONTAINING_STUDENT_INFO VALUES ('1100000068', '1200000068');
INSERT INTO CONTAINING_STUDENT_INFO VALUES ('1100000069', '1200000069');
INSERT INTO CONTAINING_STUDENT_INFO VALUES ('1100000070', '1200000070');
INSERT INTO CONTAINING_STUDENT_INFO VALUES ('1100000071', '1200000071');
INSERT INTO CONTAINING_STUDENT_INFO VALUES ('1100000072', '1200000072');
INSERT INTO CONTAINING_STUDENT_INFO VALUES ('1100000073', '1200000073');
INSERT INTO CONTAINING_STUDENT_INFO VALUES ('1100000074', '1200000074');
INSERT INTO CONTAINING_STUDENT_INFO VALUES ('1100000075', '1200000075');
INSERT INTO CONTAINING_STUDENT_INFO VALUES ('1100000076', '1200000076');
INSERT INTO CONTAINING_STUDENT_INFO VALUES ('1100000077', '1200000077');
INSERT INTO CONTAINING_STUDENT_INFO VALUES ('1100000078', '1200000078');
INSERT INTO CONTAINING_STUDENT_INFO VALUES ('1100000079', '1200000079');
INSERT INTO CONTAINING_STUDENT_INFO VALUES ('1100000080', '1200000080');
INSERT INTO CONTAINING_STUDENT_INFO VALUES ('1100000081', '1200000081');
INSERT INTO CONTAINING_STUDENT_INFO VALUES ('1100000082', '1200000082');
INSERT INTO CONTAINING_STUDENT_INFO VALUES ('1100000083', '1200000083');
INSERT INTO CONTAINING_STUDENT_INFO VALUES ('1100000084', '1200000084');
INSERT INTO CONTAINING_STUDENT_INFO VALUES ('1100000085', '1200000085');
INSERT INTO CONTAINING_STUDENT_INFO VALUES ('1100000086', '1200000086');
INSERT INTO CONTAINING_STUDENT_INFO VALUES ('1100000087', '1200000087');
INSERT INTO CONTAINING_STUDENT_INFO VALUES ('1100000088', '1200000088');
INSERT INTO CONTAINING_STUDENT_INFO VALUES ('1100000089', '1200000089');
INSERT INTO CONTAINING_STUDENT_INFO VALUES ('1100000090', '1200000090');
INSERT INTO CONTAINING_STUDENT_INFO VALUES ('1100000091', '1200000091');
INSERT INTO CONTAINING_STUDENT_INFO VALUES ('1100000092', '1200000092');
INSERT INTO CONTAINING_STUDENT_INFO VALUES ('1100000093', '1200000093');
INSERT INTO CONTAINING_STUDENT_INFO VALUES ('1100000094', '1200000094');
INSERT INTO CONTAINING_STUDENT_INFO VALUES ('1100000095', '1200000095');
INSERT INTO CONTAINING_STUDENT_INFO VALUES ('1100000096', '1200000096');
INSERT INTO CONTAINING_STUDENT_INFO VALUES ('1100000097', '1200000097');
INSERT INTO CONTAINING_STUDENT_INFO VALUES ('1100000098', '1200000098');
INSERT INTO CONTAINING_STUDENT_INFO VALUES ('1100000099', '1200000099');

INSERT INTO TAKING_COURSE VALUES ('1100000000', '1300000000');
INSERT INTO TAKING_COURSE VALUES ('1100000001', '1300000001');
INSERT INTO TAKING_COURSE VALUES ('1100000002', '1300000002');
INSERT INTO TAKING_COURSE VALUES ('1100000003', '1300000003');
INSERT INTO TAKING_COURSE VALUES ('1100000004', '1300000004');
INSERT INTO TAKING_COURSE VALUES ('1100000005', '1300000005');
INSERT INTO TAKING_COURSE VALUES ('1100000006', '1300000006');
INSERT INTO TAKING_COURSE VALUES ('1100000007', '1300000007');
INSERT INTO TAKING_COURSE VALUES ('1100000008', '1300000008');
INSERT INTO TAKING_COURSE VALUES ('1100000009', '1300000009');
INSERT INTO TAKING_COURSE VALUES ('1100000010', '1300000010');
INSERT INTO TAKING_COURSE VALUES ('1100000011', '1300000011');
INSERT INTO TAKING_COURSE VALUES ('1100000012', '1300000012');
INSERT INTO TAKING_COURSE VALUES ('1100000013', '1300000013');
INSERT INTO TAKING_COURSE VALUES ('1100000014', '1300000014');
INSERT INTO TAKING_COURSE VALUES ('1100000015', '1300000015');
INSERT INTO TAKING_COURSE VALUES ('1100000016', '1300000016');
INSERT INTO TAKING_COURSE VALUES ('1100000017', '1300000017');
INSERT INTO TAKING_COURSE VALUES ('1100000018', '1300000018');
INSERT INTO TAKING_COURSE VALUES ('1100000019', '1300000019');
INSERT INTO TAKING_COURSE VALUES ('1100000020', '1300000020');
INSERT INTO TAKING_COURSE VALUES ('1100000021', '1300000021');
INSERT INTO TAKING_COURSE VALUES ('1100000022', '1300000022');
INSERT INTO TAKING_COURSE VALUES ('1100000023', '1300000023');
INSERT INTO TAKING_COURSE VALUES ('1100000024', '1300000024');
INSERT INTO TAKING_COURSE VALUES ('1100000025', '1300000025');
INSERT INTO TAKING_COURSE VALUES ('1100000026', '1300000026');
INSERT INTO TAKING_COURSE VALUES ('1100000027', '1300000027');
INSERT INTO TAKING_COURSE VALUES ('1100000028', '1300000028');
INSERT INTO TAKING_COURSE VALUES ('1100000029', '1300000029');
INSERT INTO TAKING_COURSE VALUES ('1100000030', '1300000030');
INSERT INTO TAKING_COURSE VALUES ('1100000031', '1300000031');
INSERT INTO TAKING_COURSE VALUES ('1100000032', '1300000032');
INSERT INTO TAKING_COURSE VALUES ('1100000033', '1300000033');
INSERT INTO TAKING_COURSE VALUES ('1100000034', '1300000034');
INSERT INTO TAKING_COURSE VALUES ('1100000035', '1300000035');
INSERT INTO TAKING_COURSE VALUES ('1100000036', '1300000036');
INSERT INTO TAKING_COURSE VALUES ('1100000037', '1300000037');
INSERT INTO TAKING_COURSE VALUES ('1100000038', '1300000038');
INSERT INTO TAKING_COURSE VALUES ('1100000039', '1300000039');
INSERT INTO TAKING_COURSE VALUES ('1100000040', '1300000040');
INSERT INTO TAKING_COURSE VALUES ('1100000041', '1300000041');
INSERT INTO TAKING_COURSE VALUES ('1100000042', '1300000042');
INSERT INTO TAKING_COURSE VALUES ('1100000043', '1300000043');
INSERT INTO TAKING_COURSE VALUES ('1100000044', '1300000044');
INSERT INTO TAKING_COURSE VALUES ('1100000045', '1300000045');
INSERT INTO TAKING_COURSE VALUES ('1100000046', '1300000046');
INSERT INTO TAKING_COURSE VALUES ('1100000047', '1300000047');
INSERT INTO TAKING_COURSE VALUES ('1100000048', '1300000048');
INSERT INTO TAKING_COURSE VALUES ('1100000049', '1300000049');
INSERT INTO TAKING_COURSE VALUES ('1100000050', '1300000050');
INSERT INTO TAKING_COURSE VALUES ('1100000051', '1300000051');
INSERT INTO TAKING_COURSE VALUES ('1100000052', '1300000052');
INSERT INTO TAKING_COURSE VALUES ('1100000053', '1300000053');
INSERT INTO TAKING_COURSE VALUES ('1100000054', '1300000054');
INSERT INTO TAKING_COURSE VALUES ('1100000055', '1300000055');
INSERT INTO TAKING_COURSE VALUES ('1100000056', '1300000056');
INSERT INTO TAKING_COURSE VALUES ('1100000057', '1300000057');
INSERT INTO TAKING_COURSE VALUES ('1100000058', '1300000058');
INSERT INTO TAKING_COURSE VALUES ('1100000059', '1300000059');
INSERT INTO TAKING_COURSE VALUES ('1100000060', '1300000060');
INSERT INTO TAKING_COURSE VALUES ('1100000061', '1300000061');
INSERT INTO TAKING_COURSE VALUES ('1100000062', '1300000062');
INSERT INTO TAKING_COURSE VALUES ('1100000063', '1300000063');
INSERT INTO TAKING_COURSE VALUES ('1100000064', '1300000064');
INSERT INTO TAKING_COURSE VALUES ('1100000065', '1300000065');
INSERT INTO TAKING_COURSE VALUES ('1100000066', '1300000066');
INSERT INTO TAKING_COURSE VALUES ('1100000067', '1300000067');
INSERT INTO TAKING_COURSE VALUES ('1100000068', '1300000068');
INSERT INTO TAKING_COURSE VALUES ('1100000069', '1300000069');
INSERT INTO TAKING_COURSE VALUES ('1100000070', '1300000070');
INSERT INTO TAKING_COURSE VALUES ('1100000071', '1300000071');
INSERT INTO TAKING_COURSE VALUES ('1100000072', '1300000072');
INSERT INTO TAKING_COURSE VALUES ('1100000073', '1300000073');
INSERT INTO TAKING_COURSE VALUES ('1100000074', '1300000074');
INSERT INTO TAKING_COURSE VALUES ('1100000075', '1300000075');
INSERT INTO TAKING_COURSE VALUES ('1100000076', '1300000076');
INSERT INTO TAKING_COURSE VALUES ('1100000077', '1300000077');
INSERT INTO TAKING_COURSE VALUES ('1100000078', '1300000078');
INSERT INTO TAKING_COURSE VALUES ('1100000079', '1300000079');
INSERT INTO TAKING_COURSE VALUES ('1100000080', '1300000080');
INSERT INTO TAKING_COURSE VALUES ('1100000081', '1300000081');
INSERT INTO TAKING_COURSE VALUES ('1100000082', '1300000082');
INSERT INTO TAKING_COURSE VALUES ('1100000083', '1300000083');
INSERT INTO TAKING_COURSE VALUES ('1100000084', '1300000084');
INSERT INTO TAKING_COURSE VALUES ('1100000085', '1300000085');
INSERT INTO TAKING_COURSE VALUES ('1100000086', '1300000086');
INSERT INTO TAKING_COURSE VALUES ('1100000087', '1300000087');
INSERT INTO TAKING_COURSE VALUES ('1100000088', '1300000088');
INSERT INTO TAKING_COURSE VALUES ('1100000089', '1300000089');
INSERT INTO TAKING_COURSE VALUES ('1100000090', '1300000090');
INSERT INTO TAKING_COURSE VALUES ('1100000091', '1300000091');
INSERT INTO TAKING_COURSE VALUES ('1100000092', '1300000092');
INSERT INTO TAKING_COURSE VALUES ('1100000093', '1300000093');
INSERT INTO TAKING_COURSE VALUES ('1100000094', '1300000094');
INSERT INTO TAKING_COURSE VALUES ('1100000095', '1300000095');
INSERT INTO TAKING_COURSE VALUES ('1100000096', '1300000096');
INSERT INTO TAKING_COURSE VALUES ('1100000097', '1300000097');
INSERT INTO TAKING_COURSE VALUES ('1100000098', '1300000098');
INSERT INTO TAKING_COURSE VALUES ('1100000099', '1300000099');

INSERT INTO COURSE_ASSIGNMENT VALUES ('Description 0', 'submission test 0', '1400000000', '1300000000');
INSERT INTO COURSE_ASSIGNMENT VALUES ('Description 1', '', '1400000001', '1300000001');
INSERT INTO COURSE_ASSIGNMENT VALUES ('Description 2', 'submission test 2', '1400000002', '1300000002');
INSERT INTO COURSE_ASSIGNMENT VALUES ('Description 3', '', '1400000003', '1300000003');
INSERT INTO COURSE_ASSIGNMENT VALUES ('Description 4', 'submission test 4', '1400000004', '1300000004');
INSERT INTO COURSE_ASSIGNMENT VALUES ('Description 5', '', '1400000005', '1300000005');
INSERT INTO COURSE_ASSIGNMENT VALUES ('Description 6', 'submission test 6', '1400000006', '1300000006');
INSERT INTO COURSE_ASSIGNMENT VALUES ('Description 7', '', '1400000007', '1300000007');
INSERT INTO COURSE_ASSIGNMENT VALUES ('Description 8', 'submission test 8', '1400000008', '1300000008');
INSERT INTO COURSE_ASSIGNMENT VALUES ('Description 9', '', '1400000009', '1300000009');
INSERT INTO COURSE_ASSIGNMENT VALUES ('Description 10', 'submission test 10', '1400000010', '1300000010');
INSERT INTO COURSE_ASSIGNMENT VALUES ('Description 11', '', '1400000011', '1300000011');
INSERT INTO COURSE_ASSIGNMENT VALUES ('Description 12', 'submission test 12', '1400000012', '1300000012');
INSERT INTO COURSE_ASSIGNMENT VALUES ('Description 13', '', '1400000013', '1300000013');
INSERT INTO COURSE_ASSIGNMENT VALUES ('Description 14', 'submission test 14', '1400000014', '1300000014');
INSERT INTO COURSE_ASSIGNMENT VALUES ('Description 15', '', '1400000015', '1300000015');
INSERT INTO COURSE_ASSIGNMENT VALUES ('Description 16', 'submission test 16', '1400000016', '1300000016');
INSERT INTO COURSE_ASSIGNMENT VALUES ('Description 17', '', '1400000017', '1300000017');
INSERT INTO COURSE_ASSIGNMENT VALUES ('Description 18', 'submission test 18', '1400000018', '1300000018');
INSERT INTO COURSE_ASSIGNMENT VALUES ('Description 19', '', '1400000019', '1300000019');
INSERT INTO COURSE_ASSIGNMENT VALUES ('Description 20', 'submission test 20', '1400000020', '1300000020');
INSERT INTO COURSE_ASSIGNMENT VALUES ('Description 21', '', '1400000021', '1300000021');
INSERT INTO COURSE_ASSIGNMENT VALUES ('Description 22', 'submission test 22', '1400000022', '1300000022');
INSERT INTO COURSE_ASSIGNMENT VALUES ('Description 23', '', '1400000023', '1300000023');
INSERT INTO COURSE_ASSIGNMENT VALUES ('Description 24', 'submission test 24', '1400000024', '1300000024');
INSERT INTO COURSE_ASSIGNMENT VALUES ('Description 25', '', '1400000025', '1300000025');
INSERT INTO COURSE_ASSIGNMENT VALUES ('Description 26', 'submission test 26', '1400000026', '1300000026');
INSERT INTO COURSE_ASSIGNMENT VALUES ('Description 27', '', '1400000027', '1300000027');
INSERT INTO COURSE_ASSIGNMENT VALUES ('Description 28', 'submission test 28', '1400000028', '1300000028');
INSERT INTO COURSE_ASSIGNMENT VALUES ('Description 29', '', '1400000029', '1300000029');
INSERT INTO COURSE_ASSIGNMENT VALUES ('Description 30', 'submission test 30', '1400000030', '1300000030');
INSERT INTO COURSE_ASSIGNMENT VALUES ('Description 31', '', '1400000031', '1300000031');
INSERT INTO COURSE_ASSIGNMENT VALUES ('Description 32', 'submission test 32', '1400000032', '1300000032');
INSERT INTO COURSE_ASSIGNMENT VALUES ('Description 33', '', '1400000033', '1300000033');
INSERT INTO COURSE_ASSIGNMENT VALUES ('Description 34', 'submission test 34', '1400000034', '1300000034');
INSERT INTO COURSE_ASSIGNMENT VALUES ('Description 35', '', '1400000035', '1300000035');
INSERT INTO COURSE_ASSIGNMENT VALUES ('Description 36', 'submission test 36', '1400000036', '1300000036');
INSERT INTO COURSE_ASSIGNMENT VALUES ('Description 37', '', '1400000037', '1300000037');
INSERT INTO COURSE_ASSIGNMENT VALUES ('Description 38', 'submission test 38', '1400000038', '1300000038');
INSERT INTO COURSE_ASSIGNMENT VALUES ('Description 39', '', '1400000039', '1300000039');
INSERT INTO COURSE_ASSIGNMENT VALUES ('Description 40', 'submission test 40', '1400000040', '1300000040');
INSERT INTO COURSE_ASSIGNMENT VALUES ('Description 41', '', '1400000041', '1300000041');
INSERT INTO COURSE_ASSIGNMENT VALUES ('Description 42', 'submission test 42', '1400000042', '1300000042');
INSERT INTO COURSE_ASSIGNMENT VALUES ('Description 43', '', '1400000043', '1300000043');
INSERT INTO COURSE_ASSIGNMENT VALUES ('Description 44', 'submission test 44', '1400000044', '1300000044');
INSERT INTO COURSE_ASSIGNMENT VALUES ('Description 45', '', '1400000045', '1300000045');
INSERT INTO COURSE_ASSIGNMENT VALUES ('Description 46', 'submission test 46', '1400000046', '1300000046');
INSERT INTO COURSE_ASSIGNMENT VALUES ('Description 47', '', '1400000047', '1300000047');
INSERT INTO COURSE_ASSIGNMENT VALUES ('Description 48', 'submission test 48', '1400000048', '1300000048');
INSERT INTO COURSE_ASSIGNMENT VALUES ('Description 49', '', '1400000049', '1300000049');
INSERT INTO COURSE_ASSIGNMENT VALUES ('Description 50', 'submission test 50', '1400000050', '1300000050');
INSERT INTO COURSE_ASSIGNMENT VALUES ('Description 51', '', '1400000051', '1300000051');
INSERT INTO COURSE_ASSIGNMENT VALUES ('Description 52', 'submission test 52', '1400000052', '1300000052');
INSERT INTO COURSE_ASSIGNMENT VALUES ('Description 53', '', '1400000053', '1300000053');
INSERT INTO COURSE_ASSIGNMENT VALUES ('Description 54', 'submission test 54', '1400000054', '1300000054');
INSERT INTO COURSE_ASSIGNMENT VALUES ('Description 55', '', '1400000055', '1300000055');
INSERT INTO COURSE_ASSIGNMENT VALUES ('Description 56', 'submission test 56', '1400000056', '1300000056');
INSERT INTO COURSE_ASSIGNMENT VALUES ('Description 57', '', '1400000057', '1300000057');
INSERT INTO COURSE_ASSIGNMENT VALUES ('Description 58', 'submission test 58', '1400000058', '1300000058');
INSERT INTO COURSE_ASSIGNMENT VALUES ('Description 59', '', '1400000059', '1300000059');
INSERT INTO COURSE_ASSIGNMENT VALUES ('Description 60', 'submission test 60', '1400000060', '1300000060');
INSERT INTO COURSE_ASSIGNMENT VALUES ('Description 61', '', '1400000061', '1300000061');
INSERT INTO COURSE_ASSIGNMENT VALUES ('Description 62', 'submission test 62', '1400000062', '1300000062');
INSERT INTO COURSE_ASSIGNMENT VALUES ('Description 63', '', '1400000063', '1300000063');
INSERT INTO COURSE_ASSIGNMENT VALUES ('Description 64', 'submission test 64', '1400000064', '1300000064');
INSERT INTO COURSE_ASSIGNMENT VALUES ('Description 65', '', '1400000065', '1300000065');
INSERT INTO COURSE_ASSIGNMENT VALUES ('Description 66', 'submission test 66', '1400000066', '1300000066');
INSERT INTO COURSE_ASSIGNMENT VALUES ('Description 67', '', '1400000067', '1300000067');
INSERT INTO COURSE_ASSIGNMENT VALUES ('Description 68', 'submission test 68', '1400000068', '1300000068');
INSERT INTO COURSE_ASSIGNMENT VALUES ('Description 69', '', '1400000069', '1300000069');
INSERT INTO COURSE_ASSIGNMENT VALUES ('Description 70', 'submission test 70', '1400000070', '1300000070');
INSERT INTO COURSE_ASSIGNMENT VALUES ('Description 71', '', '1400000071', '1300000071');
INSERT INTO COURSE_ASSIGNMENT VALUES ('Description 72', 'submission test 72', '1400000072', '1300000072');
INSERT INTO COURSE_ASSIGNMENT VALUES ('Description 73', '', '1400000073', '1300000073');
INSERT INTO COURSE_ASSIGNMENT VALUES ('Description 74', 'submission test 74', '1400000074', '1300000074');
INSERT INTO COURSE_ASSIGNMENT VALUES ('Description 75', '', '1400000075', '1300000075');
INSERT INTO COURSE_ASSIGNMENT VALUES ('Description 76', 'submission test 76', '1400000076', '1300000076');
INSERT INTO COURSE_ASSIGNMENT VALUES ('Description 77', '', '1400000077', '1300000077');
INSERT INTO COURSE_ASSIGNMENT VALUES ('Description 78', 'submission test 78', '1400000078', '1300000078');
INSERT INTO COURSE_ASSIGNMENT VALUES ('Description 79', '', '1400000079', '1300000079');
INSERT INTO COURSE_ASSIGNMENT VALUES ('Description 80', 'submission test 80', '1400000080', '1300000080');
INSERT INTO COURSE_ASSIGNMENT VALUES ('Description 81', '', '1400000081', '1300000081');
INSERT INTO COURSE_ASSIGNMENT VALUES ('Description 82', 'submission test 82', '1400000082', '1300000082');
INSERT INTO COURSE_ASSIGNMENT VALUES ('Description 83', '', '1400000083', '1300000083');
INSERT INTO COURSE_ASSIGNMENT VALUES ('Description 84', 'submission test 84', '1400000084', '1300000084');
INSERT INTO COURSE_ASSIGNMENT VALUES ('Description 85', '', '1400000085', '1300000085');
INSERT INTO COURSE_ASSIGNMENT VALUES ('Description 86', 'submission test 86', '1400000086', '1300000086');
INSERT INTO COURSE_ASSIGNMENT VALUES ('Description 87', '', '1400000087', '1300000087');
INSERT INTO COURSE_ASSIGNMENT VALUES ('Description 88', 'submission test 88', '1400000088', '1300000088');
INSERT INTO COURSE_ASSIGNMENT VALUES ('Description 89', '', '1400000089', '1300000089');
INSERT INTO COURSE_ASSIGNMENT VALUES ('Description 90', 'submission test 90', '1400000090', '1300000090');
INSERT INTO COURSE_ASSIGNMENT VALUES ('Description 91', '', '1400000091', '1300000091');
INSERT INTO COURSE_ASSIGNMENT VALUES ('Description 92', 'submission test 92', '1400000092', '1300000092');
INSERT INTO COURSE_ASSIGNMENT VALUES ('Description 93', '', '1400000093', '1300000093');
INSERT INTO COURSE_ASSIGNMENT VALUES ('Description 94', 'submission test 94', '1400000094', '1300000094');
INSERT INTO COURSE_ASSIGNMENT VALUES ('Description 95', '', '1400000095', '1300000095');
INSERT INTO COURSE_ASSIGNMENT VALUES ('Description 96', 'submission test 96', '1400000096', '1300000096');
INSERT INTO COURSE_ASSIGNMENT VALUES ('Description 97', '', '1400000097', '1300000097');
INSERT INTO COURSE_ASSIGNMENT VALUES ('Description 98', 'submission test 98', '1400000098', '1300000098');
INSERT INTO COURSE_ASSIGNMENT VALUES ('Description 99', '', '1400000099', '1300000099');

INSERT INTO COURSE_MATERIAL VALUES ('Material 0', '1400000000', '1300000000');
INSERT INTO COURSE_MATERIAL VALUES ('Material 1', '1400000001', '1300000001');
INSERT INTO COURSE_MATERIAL VALUES ('Material 2', '1400000002', '1300000002');
INSERT INTO COURSE_MATERIAL VALUES ('Material 3', '1400000003', '1300000003');
INSERT INTO COURSE_MATERIAL VALUES ('Material 4', '1400000004', '1300000004');
INSERT INTO COURSE_MATERIAL VALUES ('Material 5', '1400000005', '1300000005');
INSERT INTO COURSE_MATERIAL VALUES ('Material 6', '1400000006', '1300000006');
INSERT INTO COURSE_MATERIAL VALUES ('Material 7', '1400000007', '1300000007');
INSERT INTO COURSE_MATERIAL VALUES ('Material 8', '1400000008', '1300000008');
INSERT INTO COURSE_MATERIAL VALUES ('Material 9', '1400000009', '1300000009');
INSERT INTO COURSE_MATERIAL VALUES ('Material 10', '1400000010', '1300000010');
INSERT INTO COURSE_MATERIAL VALUES ('Material 11', '1400000011', '1300000011');
INSERT INTO COURSE_MATERIAL VALUES ('Material 12', '1400000012', '1300000012');
INSERT INTO COURSE_MATERIAL VALUES ('Material 13', '1400000013', '1300000013');
INSERT INTO COURSE_MATERIAL VALUES ('Material 14', '1400000014', '1300000014');
INSERT INTO COURSE_MATERIAL VALUES ('Material 15', '1400000015', '1300000015');
INSERT INTO COURSE_MATERIAL VALUES ('Material 16', '1400000016', '1300000016');
INSERT INTO COURSE_MATERIAL VALUES ('Material 17', '1400000017', '1300000017');
INSERT INTO COURSE_MATERIAL VALUES ('Material 18', '1400000018', '1300000018');
INSERT INTO COURSE_MATERIAL VALUES ('Material 19', '1400000019', '1300000019');
INSERT INTO COURSE_MATERIAL VALUES ('Material 20', '1400000020', '1300000020');
INSERT INTO COURSE_MATERIAL VALUES ('Material 21', '1400000021', '1300000021');
INSERT INTO COURSE_MATERIAL VALUES ('Material 22', '1400000022', '1300000022');
INSERT INTO COURSE_MATERIAL VALUES ('Material 23', '1400000023', '1300000023');
INSERT INTO COURSE_MATERIAL VALUES ('Material 24', '1400000024', '1300000024');
INSERT INTO COURSE_MATERIAL VALUES ('Material 25', '1400000025', '1300000025');
INSERT INTO COURSE_MATERIAL VALUES ('Material 26', '1400000026', '1300000026');
INSERT INTO COURSE_MATERIAL VALUES ('Material 27', '1400000027', '1300000027');
INSERT INTO COURSE_MATERIAL VALUES ('Material 28', '1400000028', '1300000028');
INSERT INTO COURSE_MATERIAL VALUES ('Material 29', '1400000029', '1300000029');
INSERT INTO COURSE_MATERIAL VALUES ('Material 30', '1400000030', '1300000030');
INSERT INTO COURSE_MATERIAL VALUES ('Material 31', '1400000031', '1300000031');
INSERT INTO COURSE_MATERIAL VALUES ('Material 32', '1400000032', '1300000032');
INSERT INTO COURSE_MATERIAL VALUES ('Material 33', '1400000033', '1300000033');
INSERT INTO COURSE_MATERIAL VALUES ('Material 34', '1400000034', '1300000034');
INSERT INTO COURSE_MATERIAL VALUES ('Material 35', '1400000035', '1300000035');
INSERT INTO COURSE_MATERIAL VALUES ('Material 36', '1400000036', '1300000036');
INSERT INTO COURSE_MATERIAL VALUES ('Material 37', '1400000037', '1300000037');
INSERT INTO COURSE_MATERIAL VALUES ('Material 38', '1400000038', '1300000038');
INSERT INTO COURSE_MATERIAL VALUES ('Material 39', '1400000039', '1300000039');
INSERT INTO COURSE_MATERIAL VALUES ('Material 40', '1400000040', '1300000040');
INSERT INTO COURSE_MATERIAL VALUES ('Material 41', '1400000041', '1300000041');
INSERT INTO COURSE_MATERIAL VALUES ('Material 42', '1400000042', '1300000042');
INSERT INTO COURSE_MATERIAL VALUES ('Material 43', '1400000043', '1300000043');
INSERT INTO COURSE_MATERIAL VALUES ('Material 44', '1400000044', '1300000044');
INSERT INTO COURSE_MATERIAL VALUES ('Material 45', '1400000045', '1300000045');
INSERT INTO COURSE_MATERIAL VALUES ('Material 46', '1400000046', '1300000046');
INSERT INTO COURSE_MATERIAL VALUES ('Material 47', '1400000047', '1300000047');
INSERT INTO COURSE_MATERIAL VALUES ('Material 48', '1400000048', '1300000048');
INSERT INTO COURSE_MATERIAL VALUES ('Material 49', '1400000049', '1300000049');
INSERT INTO COURSE_MATERIAL VALUES ('Material 50', '1400000050', '1300000050');
INSERT INTO COURSE_MATERIAL VALUES ('Material 51', '1400000051', '1300000051');
INSERT INTO COURSE_MATERIAL VALUES ('Material 52', '1400000052', '1300000052');
INSERT INTO COURSE_MATERIAL VALUES ('Material 53', '1400000053', '1300000053');
INSERT INTO COURSE_MATERIAL VALUES ('Material 54', '1400000054', '1300000054');
INSERT INTO COURSE_MATERIAL VALUES ('Material 55', '1400000055', '1300000055');
INSERT INTO COURSE_MATERIAL VALUES ('Material 56', '1400000056', '1300000056');
INSERT INTO COURSE_MATERIAL VALUES ('Material 57', '1400000057', '1300000057');
INSERT INTO COURSE_MATERIAL VALUES ('Material 58', '1400000058', '1300000058');
INSERT INTO COURSE_MATERIAL VALUES ('Material 59', '1400000059', '1300000059');
INSERT INTO COURSE_MATERIAL VALUES ('Material 60', '1400000060', '1300000060');
INSERT INTO COURSE_MATERIAL VALUES ('Material 61', '1400000061', '1300000061');
INSERT INTO COURSE_MATERIAL VALUES ('Material 62', '1400000062', '1300000062');
INSERT INTO COURSE_MATERIAL VALUES ('Material 63', '1400000063', '1300000063');
INSERT INTO COURSE_MATERIAL VALUES ('Material 64', '1400000064', '1300000064');
INSERT INTO COURSE_MATERIAL VALUES ('Material 65', '1400000065', '1300000065');
INSERT INTO COURSE_MATERIAL VALUES ('Material 66', '1400000066', '1300000066');
INSERT INTO COURSE_MATERIAL VALUES ('Material 67', '1400000067', '1300000067');
INSERT INTO COURSE_MATERIAL VALUES ('Material 68', '1400000068', '1300000068');
INSERT INTO COURSE_MATERIAL VALUES ('Material 69', '1400000069', '1300000069');
INSERT INTO COURSE_MATERIAL VALUES ('Material 70', '1400000070', '1300000070');
INSERT INTO COURSE_MATERIAL VALUES ('Material 71', '1400000071', '1300000071');
INSERT INTO COURSE_MATERIAL VALUES ('Material 72', '1400000072', '1300000072');
INSERT INTO COURSE_MATERIAL VALUES ('Material 73', '1400000073', '1300000073');
INSERT INTO COURSE_MATERIAL VALUES ('Material 74', '1400000074', '1300000074');
INSERT INTO COURSE_MATERIAL VALUES ('Material 75', '1400000075', '1300000075');
INSERT INTO COURSE_MATERIAL VALUES ('Material 76', '1400000076', '1300000076');
INSERT INTO COURSE_MATERIAL VALUES ('Material 77', '1400000077', '1300000077');
INSERT INTO COURSE_MATERIAL VALUES ('Material 78', '1400000078', '1300000078');
INSERT INTO COURSE_MATERIAL VALUES ('Material 79', '1400000079', '1300000079');
INSERT INTO COURSE_MATERIAL VALUES ('Material 80', '1400000080', '1300000080');
INSERT INTO COURSE_MATERIAL VALUES ('Material 81', '1400000081', '1300000081');
INSERT INTO COURSE_MATERIAL VALUES ('Material 82', '1400000082', '1300000082');
INSERT INTO COURSE_MATERIAL VALUES ('Material 83', '1400000083', '1300000083');
INSERT INTO COURSE_MATERIAL VALUES ('Material 84', '1400000084', '1300000084');
INSERT INTO COURSE_MATERIAL VALUES ('Material 85', '1400000085', '1300000085');
INSERT INTO COURSE_MATERIAL VALUES ('Material 86', '1400000086', '1300000086');
INSERT INTO COURSE_MATERIAL VALUES ('Material 87', '1400000087', '1300000087');
INSERT INTO COURSE_MATERIAL VALUES ('Material 88', '1400000088', '1300000088');
INSERT INTO COURSE_MATERIAL VALUES ('Material 89', '1400000089', '1300000089');
INSERT INTO COURSE_MATERIAL VALUES ('Material 90', '1400000090', '1300000090');
INSERT INTO COURSE_MATERIAL VALUES ('Material 91', '1400000091', '1300000091');
INSERT INTO COURSE_MATERIAL VALUES ('Material 92', '1400000092', '1300000092');
INSERT INTO COURSE_MATERIAL VALUES ('Material 93', '1400000093', '1300000093');
INSERT INTO COURSE_MATERIAL VALUES ('Material 94', '1400000094', '1300000094');
INSERT INTO COURSE_MATERIAL VALUES ('Material 95', '1400000095', '1300000095');
INSERT INTO COURSE_MATERIAL VALUES ('Material 96', '1400000096', '1300000096');
INSERT INTO COURSE_MATERIAL VALUES ('Material 97', '1400000097', '1300000097');
INSERT INTO COURSE_MATERIAL VALUES ('Material 98', '1400000098', '1300000098');
INSERT INTO COURSE_MATERIAL VALUES ('Material 99', '1400000099', '1300000099');

INSERT INTO QA VALUES ('Question 0', 'Answer 0', '1400000000', '1300000000');
INSERT INTO QA VALUES ('Question 1', 'Answer 1', '1400000001', '1300000001');
INSERT INTO QA VALUES ('Question 2', 'Answer 2', '1400000002', '1300000002');
INSERT INTO QA VALUES ('Question 3', 'Answer 3', '1400000003', '1300000003');
INSERT INTO QA VALUES ('Question 4', 'Answer 4', '1400000004', '1300000004');
INSERT INTO QA VALUES ('Question 5', 'Answer 5', '1400000005', '1300000005');
INSERT INTO QA VALUES ('Question 6', 'Answer 6', '1400000006', '1300000006');
INSERT INTO QA VALUES ('Question 7', 'Answer 7', '1400000007', '1300000007');
INSERT INTO QA VALUES ('Question 8', 'Answer 8', '1400000008', '1300000008');
INSERT INTO QA VALUES ('Question 9', 'Answer 9', '1400000009', '1300000009');
INSERT INTO QA VALUES ('Question 10', 'Answer 10', '1400000010', '1300000010');
INSERT INTO QA VALUES ('Question 11', 'Answer 11', '1400000011', '1300000011');
INSERT INTO QA VALUES ('Question 12', 'Answer 12', '1400000012', '1300000012');
INSERT INTO QA VALUES ('Question 13', 'Answer 13', '1400000013', '1300000013');
INSERT INTO QA VALUES ('Question 14', 'Answer 14', '1400000014', '1300000014');
INSERT INTO QA VALUES ('Question 15', 'Answer 15', '1400000015', '1300000015');
INSERT INTO QA VALUES ('Question 16', 'Answer 16', '1400000016', '1300000016');
INSERT INTO QA VALUES ('Question 17', 'Answer 17', '1400000017', '1300000017');
INSERT INTO QA VALUES ('Question 18', 'Answer 18', '1400000018', '1300000018');
INSERT INTO QA VALUES ('Question 19', 'Answer 19', '1400000019', '1300000019');
INSERT INTO QA VALUES ('Question 20', 'Answer 20', '1400000020', '1300000020');
INSERT INTO QA VALUES ('Question 21', 'Answer 21', '1400000021', '1300000021');
INSERT INTO QA VALUES ('Question 22', 'Answer 22', '1400000022', '1300000022');
INSERT INTO QA VALUES ('Question 23', 'Answer 23', '1400000023', '1300000023');
INSERT INTO QA VALUES ('Question 24', 'Answer 24', '1400000024', '1300000024');
INSERT INTO QA VALUES ('Question 25', 'Answer 25', '1400000025', '1300000025');
INSERT INTO QA VALUES ('Question 26', 'Answer 26', '1400000026', '1300000026');
INSERT INTO QA VALUES ('Question 27', 'Answer 27', '1400000027', '1300000027');
INSERT INTO QA VALUES ('Question 28', 'Answer 28', '1400000028', '1300000028');
INSERT INTO QA VALUES ('Question 29', 'Answer 29', '1400000029', '1300000029');
INSERT INTO QA VALUES ('Question 30', 'Answer 30', '1400000030', '1300000030');
INSERT INTO QA VALUES ('Question 31', 'Answer 31', '1400000031', '1300000031');
INSERT INTO QA VALUES ('Question 32', 'Answer 32', '1400000032', '1300000032');
INSERT INTO QA VALUES ('Question 33', 'Answer 33', '1400000033', '1300000033');
INSERT INTO QA VALUES ('Question 34', 'Answer 34', '1400000034', '1300000034');
INSERT INTO QA VALUES ('Question 35', 'Answer 35', '1400000035', '1300000035');
INSERT INTO QA VALUES ('Question 36', 'Answer 36', '1400000036', '1300000036');
INSERT INTO QA VALUES ('Question 37', 'Answer 37', '1400000037', '1300000037');
INSERT INTO QA VALUES ('Question 38', 'Answer 38', '1400000038', '1300000038');
INSERT INTO QA VALUES ('Question 39', 'Answer 39', '1400000039', '1300000039');
INSERT INTO QA VALUES ('Question 40', 'Answer 40', '1400000040', '1300000040');
INSERT INTO QA VALUES ('Question 41', 'Answer 41', '1400000041', '1300000041');
INSERT INTO QA VALUES ('Question 42', 'Answer 42', '1400000042', '1300000042');
INSERT INTO QA VALUES ('Question 43', 'Answer 43', '1400000043', '1300000043');
INSERT INTO QA VALUES ('Question 44', 'Answer 44', '1400000044', '1300000044');
INSERT INTO QA VALUES ('Question 45', 'Answer 45', '1400000045', '1300000045');
INSERT INTO QA VALUES ('Question 46', 'Answer 46', '1400000046', '1300000046');
INSERT INTO QA VALUES ('Question 47', 'Answer 47', '1400000047', '1300000047');
INSERT INTO QA VALUES ('Question 48', 'Answer 48', '1400000048', '1300000048');
INSERT INTO QA VALUES ('Question 49', 'Answer 49', '1400000049', '1300000049');
INSERT INTO QA VALUES ('Question 50', 'Answer 50', '1400000050', '1300000050');
INSERT INTO QA VALUES ('Question 51', 'Answer 51', '1400000051', '1300000051');
INSERT INTO QA VALUES ('Question 52', 'Answer 52', '1400000052', '1300000052');
INSERT INTO QA VALUES ('Question 53', 'Answer 53', '1400000053', '1300000053');
INSERT INTO QA VALUES ('Question 54', 'Answer 54', '1400000054', '1300000054');
INSERT INTO QA VALUES ('Question 55', 'Answer 55', '1400000055', '1300000055');
INSERT INTO QA VALUES ('Question 56', 'Answer 56', '1400000056', '1300000056');
INSERT INTO QA VALUES ('Question 57', 'Answer 57', '1400000057', '1300000057');
INSERT INTO QA VALUES ('Question 58', 'Answer 58', '1400000058', '1300000058');
INSERT INTO QA VALUES ('Question 59', 'Answer 59', '1400000059', '1300000059');
INSERT INTO QA VALUES ('Question 60', 'Answer 60', '1400000060', '1300000060');
INSERT INTO QA VALUES ('Question 61', 'Answer 61', '1400000061', '1300000061');
INSERT INTO QA VALUES ('Question 62', 'Answer 62', '1400000062', '1300000062');
INSERT INTO QA VALUES ('Question 63', 'Answer 63', '1400000063', '1300000063');
INSERT INTO QA VALUES ('Question 64', 'Answer 64', '1400000064', '1300000064');
INSERT INTO QA VALUES ('Question 65', 'Answer 65', '1400000065', '1300000065');
INSERT INTO QA VALUES ('Question 66', 'Answer 66', '1400000066', '1300000066');
INSERT INTO QA VALUES ('Question 67', 'Answer 67', '1400000067', '1300000067');
INSERT INTO QA VALUES ('Question 68', 'Answer 68', '1400000068', '1300000068');
INSERT INTO QA VALUES ('Question 69', 'Answer 69', '1400000069', '1300000069');
INSERT INTO QA VALUES ('Question 70', 'Answer 70', '1400000070', '1300000070');
INSERT INTO QA VALUES ('Question 71', 'Answer 71', '1400000071', '1300000071');
INSERT INTO QA VALUES ('Question 72', 'Answer 72', '1400000072', '1300000072');
INSERT INTO QA VALUES ('Question 73', 'Answer 73', '1400000073', '1300000073');
INSERT INTO QA VALUES ('Question 74', 'Answer 74', '1400000074', '1300000074');
INSERT INTO QA VALUES ('Question 75', 'Answer 75', '1400000075', '1300000075');
INSERT INTO QA VALUES ('Question 76', 'Answer 76', '1400000076', '1300000076');
INSERT INTO QA VALUES ('Question 77', 'Answer 77', '1400000077', '1300000077');
INSERT INTO QA VALUES ('Question 78', 'Answer 78', '1400000078', '1300000078');
INSERT INTO QA VALUES ('Question 79', 'Answer 79', '1400000079', '1300000079');
INSERT INTO QA VALUES ('Question 80', 'Answer 80', '1400000080', '1300000080');
INSERT INTO QA VALUES ('Question 81', 'Answer 81', '1400000081', '1300000081');
INSERT INTO QA VALUES ('Question 82', 'Answer 82', '1400000082', '1300000082');
INSERT INTO QA VALUES ('Question 83', 'Answer 83', '1400000083', '1300000083');
INSERT INTO QA VALUES ('Question 84', 'Answer 84', '1400000084', '1300000084');
INSERT INTO QA VALUES ('Question 85', 'Answer 85', '1400000085', '1300000085');
INSERT INTO QA VALUES ('Question 86', 'Answer 86', '1400000086', '1300000086');
INSERT INTO QA VALUES ('Question 87', 'Answer 87', '1400000087', '1300000087');
INSERT INTO QA VALUES ('Question 88', 'Answer 88', '1400000088', '1300000088');
INSERT INTO QA VALUES ('Question 89', 'Answer 89', '1400000089', '1300000089');
INSERT INTO QA VALUES ('Question 90', 'Answer 90', '1400000090', '1300000090');
INSERT INTO QA VALUES ('Question 91', 'Answer 91', '1400000091', '1300000091');
INSERT INTO QA VALUES ('Question 92', 'Answer 92', '1400000092', '1300000092');
INSERT INTO QA VALUES ('Question 93', 'Answer 93', '1400000093', '1300000093');
INSERT INTO QA VALUES ('Question 94', 'Answer 94', '1400000094', '1300000094');
INSERT INTO QA VALUES ('Question 95', 'Answer 95', '1400000095', '1300000095');
INSERT INTO QA VALUES ('Question 96', 'Answer 96', '1400000096', '1300000096');
INSERT INTO QA VALUES ('Question 97', 'Answer 97', '1400000097', '1300000097');
INSERT INTO QA VALUES ('Question 98', 'Answer 98', '1400000098', '1300000098');
INSERT INTO QA VALUES ('Question 99', 'Answer 99', '1400000099', '1300000099');
